ID,Name,DraftKings_Position,DraftKings_ADP,DraftKings_Team,ESPN_Rank,ESPN_Positional_Rank,overallRating
830517,Christian McCaffrey,RB,1.2843014,SF,1,RB1,99
823156,Tyreek Hill,WR,2.2975693,MIA,5,WR2,99
448240,Travis Kelce,TE,29.847757,KC,28,TE2,99
839031,Patrick Mahomes,QB,41.14932,KC,45,QB4,99
1069535,Justin Jefferson,WR,6.3070164,MIN,8,WR5,98
877745,Lamar Jackson,QB,45.016777,BAL,44,QB3,98
733672,George Kittle,TE,65.72464,SF,68,TE6,97
1062020,CeeDee Lamb,WR,3.1373508,DAL,4,WR1,96
822857,Nick Chubb,RB,117.47932,CLE,115,RB37,96
1127106,Amon-Ra St. Brown,WR,4.8442082,DET,7,WR4,95
944826,A.J. Brown,WR,9.109231,PHI,12,WR6,95
611417,Davante Adams,WR,21.663404,LV,18,WR10,94
732145,Derrick Henry,RB,23.043007,BAL,22,RB10,94
820699,Mark Andrews,TE,54.65451,BAL,51,TE3,94
1109979,Ja'Marr Chase,WR,5.21646,CIN,6,WR3,93
878785,Joe Burrow,QB,80.79913,CIN,63,QB7,93
883302,Saquon Barkley,RB,14.247274,PHI,10,RB5,92
868199,Josh Allen,QB,35.975765,BUF,29,QB1,92
694041,Stefon Diggs,WR,39.014965,HOU,41,WR20,92
593587,Mike Evans,WR,26.337898,TB,20,WR12,91
1107034,Brandon Aiyuk,WR,32.56018,SF,38,WR17,91
820727,Joe Mixon,RB,57.314514,HOU,26,RB14,91
923915,T.J. Hockenson,TE,142.8383,MIN,90,TE12,91
978577,Travis Etienne Jr.,RB,30.356167,JAX,21,RB9,90
650914,Amari Cooper,WR,46.00077,CLE,56,WR32,90
557210,Keenan Allen,WR,59.511196,CHI,55,WR31,90
591816,Dak Prescott,QB,85.62015,DAL,64,QB8,90
832098,David Njoku,TE,90.07767,CLE,87,TE9,90
877790,DJ Moore,WR,31.854765,CHI,40,WR19,89
944416,Josh Jacobs,RB,41.838036,GB,31,RB15,89
836116,Terry McLaurin,WR,55.310246,WAS,83,WR36,89
560241,DeAndre Hopkins,WR,106.60683,TEN,57,WR33,89
698227,Cooper Kupp,WR,18.651234,LAR,46,WR23,88
1060262,DeVonta Smith,WR,28.661335,PHI,42,WR21,88
1164402,Kenneth Walker III,RB,59.62396,SEA,32,RB16,88
741314,Aaron Jones,RB,69.703026,MIN,71,RB21,88
749185,Evan Engram,TE,73.74739,JAX,60,TE5,88
973947,Tua Tagovailoa,QB,110.18518,MIA,161,QB19,88
605242,Tyler Lockett,WR,123.51973,SEA,95,WR44,88
501150,Kyle Juszczyk,RB,225.24254,SF,280,RB87,88
1065406,Jonathan Taylor,RB,14.683426,IND,9,RB4,87
835749,Deebo Samuel Sr.,WR,17.704725,SF,39,WR18,87
1125749,Jaylen Waddle,WR,26.20356,MIA,43,WR22,87
1106832,Isiah Pacheco,RB,30.539078,KC,16,RB8,87
911348,Michael Pittman Jr.,WR,36.032135,IND,19,WR11,87
910562,Justin Herbert,QB,140.84012,LAC,110,QB13,87
1122592,Chris Olave,WR,23.956263,NO,17,WR9,86
945633,DK Metcalf,WR,34.10401,SEA,37,WR16,86
1168926,Sam LaPorta,TE,38.0584,DET,27,TE1,86
913271,Jalen Hurts,QB,39.91317,PHI,30,QB2,86
606501,Raheem Mostert,RB,80.68627,MIA,103,RB35,86
880398,Tony Pollard,RB,93.892265,TEN,99,RB31,86
733754,Mike Williams,WR,134.24219,NYJ,94,WR43,86
1162537,Breece Hall,RB,7.191793,NYJ,2,RB2,85
1164889,Garrett Wilson,WR,10.215535,NYJ,14,WR8,85
1177053,Zay Flowers,WR,42.783546,BAL,47,WR24,85
978579,Tee Higgins,WR,48.872284,CIN,50,WR27,85
750846,Alvin Kamara,RB,57.15792,NO,24,RB12,85
835127,Chris Godwin,WR,64.32582,TB,53,WR29,85
1121761,Brock Purdy,QB,101.593445,SF,80,QB11,85
791365,Dallas Goedert,TE,112.389175,PHI,89,TE11,85
1162128,Puka Nacua,WR,12.408298,LAR,13,WR7,84
1214154,Jahmyr Gibbs,RB,14.680133,DET,15,RB7,84
1167361,Kyren Williams,RB,21.462652,LAR,11,RB6,84
865801,Christian Kirk,WR,54.499416,JAX,84,WR37,84
1069808,D'Andre Swift,RB,78.61897,CHI,67,RB20,84
838878,Courtland Sutton,WR,102.49221,DEN,86,WR39,84
830523,Dalton Schultz,TE,122.21778,HOU,133,TE15,84
403308,Kirk Cousins,QB,128.75401,ATL,112,QB15,84
976761,Gabe Davis,WR,131.78935,JAX,125,WR53,84
1074698,Nico Collins,WR,19.255526,HOU,36,WR15,83
1172053,George Pickens,WR,49.979057,PIT,52,WR28,83
884013,Calvin Ridley,WR,61.904106,TEN,48,WR25,83
1123026,Kyle Pitts,TE,64.0488,ATL,70,TE8,83
946739,David Montgomery,RB,64.13152,DET,74,RB24,83
742390,James Conner,RB,69.13172,ARI,72,RB22,83
891115,Diontae Johnson,WR,74.78419,CAR,82,WR35,83
973964,Najee Harris,RB,90.75508,PIT,77,RB27,83
323205,Matthew Stafford,QB,134.06395,LAR,162,QB20,83
1066765,Cole Kmet,TE,134.83475,CHI,134,TE16,83
213957,Aaron Rodgers,QB,146.19395,NYJ,81,QB12,83
1228244,Bijan Robinson,RB,6.812595,ATL,3,RB3,82
1178741,Drake London,WR,17.002934,ATL,35,WR14,82
1231820,De'Von Achane,RB,19.946758,MIA,33,RB17,82
1108161,Trey McBride,TE,46.496204,ARI,59,TE4,82
1176443,Jaylen Warren,RB,87.429726,PIT,96,RB28,82
1214250,Jordan Addison,WR,104.48436,MIN,85,WR38,82
727837,Jared Goff,QB,107.37152,DET,197,QB21,82
607864,Brandin Cooks,WR,116.99176,DAL,181,WR67,82
880151,Jakobi Meyers,WR,120.47239,LV,126,WR54,82
1116662,Pat Freiermuth,TE,130.78258,PIT,132,TE14,82
733643,Adam Thielen,WR,142.73228,CAR,127,WR55,82
1128222,Tank Dell,WR,41.01405,HOU,54,WR30,81
1131012,James Cook,RB,47.211227,BUF,25,RB13,81
1173538,Rashee Rice,WR,48.341167,KC,58,WR34,81
1214084,C.J. Stroud,QB,57.512165,HOU,62,QB6,81
1174682,Rhamondre Stevenson,RB,79.53047,NE,65,RB18,81
976220,Hollywood Brown,WR,83.63749,KC,104,WR45,81
912137,Jordan Love,QB,85.789406,GB,79,QB10,81
790004,Austin Ekeler,RB,108.13045,WAS,100,RB32,81
916466,Devin Singletary,RB,108.26786,NYG,101,RB33,81
973935,Jerry Jeudy,WR,137.27385,CLE,124,WR52,81
589984,Odell Beckham Jr.,WR,226.4838,MIA,231,WR87,81
838487,Gerald Everett,TE,228.1577,CHI,,,81
604176,Tyler Higbee,TE,231.973,LAR,,,81
658389,Patrick Ricard,RB,,BAL,,,81
1229343,Rachaad White,RB,50.452354,TB,23,RB11,80
1214087,Jaxon Smith-Njigba,WR,86.58994,SEA,93,WR42,80
821389,Curtis Samuel,WR,91.34924,BUF,128,WR56,80
1107881,Javonte Williams,RB,103.66474,DEN,97,RB29,80
973966,Brian Robinson Jr.,RB,112.5538,WAS,75,RB25,80
739799,Gus Edwards,RB,126.17244,LAC,114,RB36,80
1131198,Tyler Allgeier,RB,150.02446,ATL,118,RB40,80
744425,Hunter Henry,TE,170.18738,NE,188,TE21,80
742387,Tyler Boyd,WR,188.4382,TEN,203,WR75,80
1108998,Dameon Pierce,RB,192.35281,HOU,246,RB75,80
884083,Dawson Knox,TE,221.07188,BUF,259,TE28,80
754412,Kendrick Bourne,WR,227.85323,NE,182,WR68,80
1287828,Marvin Harrison Jr.,WR,13.367641,ARI,34,WR13,79
1135513,Dalton Kincaid,TE,52.271423,BUF,69,TE7,79
1065361,Jake Ferguson,TE,83.34033,DAL,88,TE10,79
1175184,Jameson Williams,WR,83.87614,DET,129,WR57,79
1122653,Romeo Doubs,WR,93.64063,GB,176,WR62,79
913170,Zack Moss,RB,103.19292,CIN,76,RB26,79
1059612,Joshua Palmer,WR,109.03874,LAC,180,WR66,79
1169430,Tyjae Spears,RB,111.48623,TEN,98,RB30,79
923412,Rashid Shaheed,WR,124.34815,NO,130,WR58,79
728338,Ezekiel Elliott,RB,131.76828,DAL,102,RB34,79
748070,Baker Mayfield,QB,143.49364,TB,200,QB24,79
1215077,Josh Downs,WR,158.44447,IND,184,WR70,79
1050833,Elijah Mitchell,RB,197.96738,SF,213,RB61,79
746491,Zay Jones,WR,219.2302,ARI,209,WR79,79
1123398,Jayden Reed,WR,67.363556,GB,92,WR41,78
1285917,Brock Bowers,TE,97.40683,LV,131,TE13,78
1121878,Jahan Dotson,WR,136.02246,WAS,193,WR71,78
976513,J.K. Dobbins,RB,140.27301,LAC,116,RB38,78
1062047,Chuba Hubbard,RB,143.79126,CAR,163,RB47,78
513856,Geno Smith,QB,158.72478,SEA,218,QB25,78
1108208,Rashod Bateman,WR,176.062,BAL,210,WR80,78
743749,Jonnu Smith,TE,189.03983,MIA,258,TE27,78
836152,Mike Gesicki,TE,199.91927,CIN,,,78
1060545,AJ Dillon,RB,207.88019,GB,276,RB83,78
880557,Darius Slayton,WR,222.61807,NYG,204,WR76,78
822367,Josh Reynolds,WR,223.62318,DEN,274,WR100,78
1128783,Elijah Moore,WR,224.43378,CLE,262,WR94,78
691055,Nelson Agholor,WR,226.20575,BAL,253,WR92,78
1130270,Rondale Moore,WR,227.1714,ATL,230,WR86,78
838179,Tim Patrick,WR,227.87392,DEN,271,WR97,78
915066,Reggie Gilliam,RB,,BUF,,,78
1059943,Spencer Brown,RB,,FA,,,78
1286059,Malik Nabers,WR,28.081802,NYG,49,WR26,77
879799,Kyler Murray,QB,71.00056,ARI,78,QB9,77
1067918,Christian Watson,WR,77.61211,GB,91,WR40,77
1326601,Jonathon Brooks,RB,114.013626,CAR,66,RB19,77
1110711,Trevor Lawrence,QB,117.188126,JAX,136,QB18,77
1125737,Jerome Ford,RB,117.641174,CLE,121,RB43,77
912027,Darnell Mooney,WR,149.44801,ATL,123,WR51,77
935104,Khalil Herbert,RB,173.92911,CHI,169,RB53,77
1213799,Marvin Mims Jr.,WR,188.0257,DEN,183,WR69,77
923109,Justice Hill,RB,207.36082,BAL,226,RB67,77
867009,Jauan Jennings,WR,208.94966,SF,,,77
884609,Juwan Johnson,TE,210.93819,NO,187,TE20,77
944343,Alexander Mattison,RB,221.96706,LV,170,RB54,77
742382,Marquez Valdes-Scantling,WR,224.40985,BUF,,,77
976251,Cam Akers,RB,225.0604,HOU,,,77
974825,Kadarius Toney,WR,225.8689,KC,,,77
881956,Hayden Hurst,TE,227.69417,LAC,217,TE26,77
609496,Allen Robinson II,WR,,NYG,,,77
880322,Alec Ingold,RB,,MIA,,,77
1213727,Rome Odunze,WR,80.78804,CHI,105,WR46,76
1286445,Caleb Williams,QB,100.19431,CHI,113,QB16,76
1130603,Khalil Shakir,WR,107.10582,BUF,175,WR61,76
1248031,Trey Benson,RB,131.24371,ARI,137,RB45,76
1123529,Michael Wilson,WR,155.21956,ARI,224,WR82,76
861278,Tyler Conklin,TE,173.53398,NYJ,139,TE17,76
401534,Russell Wilson,QB,204.78024,PIT,220,QB27,76
503177,Zach Ertz,TE,216.88623,WAS,293,TE34,76
835443,D'Onta Foreman,RB,224.7221,CLE,248,RB77,76
555693,Robert Woods,WR,224.7592,HOU,,,76
1050234,Donovan Peoples-Jones,WR,225.4966,DET,,,76
1130705,Kenneth Gainwell,RB,226.0066,PHI,225,RB66,76
695311,Jamaal Williams,RB,226.08287,NO,221,RB63,76
924261,Miles Sanders,RB,226.16644,CAR,167,RB51,76
836103,Noah Brown,WR,226.9421,HOU,,,76
1107027,Alec Pierce,WR,226.9652,IND,,,76
690153,Cordarrelle Patterson,RB,227.2215,PIT,281,RB88,76
692660,Kalif Raymond,WR,227.47723,DET,252,WR91,76
820734,Samaje Perine,RB,229.833,DEN,214,RB62,76
1326638,Xavier Worthy,WR,67.95041,KC,106,WR47,75
1286064,Brian Thomas Jr.,WR,91.7684,JAX,109,WR50,75
1172428,Dontayvion Wicks,WR,124.99509,GB,234,WR90,75
1229540,Blake Corum,RB,126.24752,LAR,138,RB46,75
1164530,Zach Charbonnet,RB,141.36964,SEA,117,RB39,75
503184,Taysom Hill,TE,145.65292,NO,185,TE18,75
828743,Deshaun Watson,QB,149.59492,CLE,135,QB17,75
1049263,Cade Otton,TE,155.06657,TB,216,TE25,75
1164875,Wan'Dale Robinson,WR,164.6912,NYG,202,WR74,75
1107826,Antonio Gibson,RB,166.2193,NE,120,RB42,75
1110681,Justin Fields,QB,172.48734,PIT,315,QB36,75
496083,Derek Carr,QB,177.39983,NO,270,QB31,75
1175693,DeMario Douglas,WR,181.84087,NE,174,WR60,75
923911,Noah Fant,TE,184.64044,SEA,215,TE24,75
837958,Allen Lazard,WR,223.14091,NYJ,,,75
976650,Clyde Edwards-Helaire,RB,224.69136,KC,195,RB58,75
920756,Devin Duvernay,WR,225.0175,JAX,,,75
1106760,Tutu Atwell,WR,225.35872,LAR,295,WR104,75
836104,Parris Campbell,WR,226.9111,PHI,,,75
599649,Jamison Crowder,WR,,WAS,273,WR99,75
915397,C.J. Ham,RB,,MIN,,,75
214197,Marcedes Lewis,TE,,CHI,,,75
1215022,Anthony Richardson,QB,62.288532,IND,61,QB5,74
1110697,Zamir White,RB,76.6614,LV,73,RB23,74
1161228,Jayden Daniels,QB,93.90591,WAS,111,QB14,74
1218643,Ladd McConkey,WR,94.11174,LAC,107,WR48,74
933480,Rico Dowdle,RB,122.739914,DAL,168,RB52,74
1286513,Jaylen Wright,RB,153.97813,MIA,173,RB57,74
1271738,Jaleel McLaughlin,RB,160.55269,DEN,165,RB49,74
1066424,Jalen Tolbert,WR,174.09996,DAL,211,WR81,74
1286803,Drake Maye,QB,208.21494,NE,268,QB29,74
1160348,John Metchie III,WR,225.0735,HOU,,,74
820866,Braxton Berrios,WR,225.0878,MIA,,,74
832220,Justin Watson,WR,225.15768,KC,,,74
880146,Nyheim Hines,RB,225.5882,CLE,245,RB74,74
1222789,Keaton Mitchell,RB,225.666,BAL,171,RB55,74
881058,K.J. Osborn,WR,227.4396,NE,,,74
691278,Sterling Shepard,WR,227.5789,TB,,,74
1172024,Treylon Burks,WR,228.04851,TEN,,,74
1232592,Michael Mayer,TE,228.1281,LV,,,74
837806,Will Dissly,TE,231.195,LAC,,,74
1166545,Deonte Harty,WR,,BAL,,,74
593305,C.J. Uzomah,TE,,PHI,,,74
823040,Isaiah McKenzie,WR,,NYG,,,74
1322431,Keon Coleman,WR,75.46053,BUF,108,WR49,73
1179790,Luke Musgrave,TE,152.6863,GB,207,TE23,73
1161416,Ricky Pearsall,WR,167.3458,SF,194,WR72,73
727279,Demarcus Robinson,WR,169.11005,LAR,201,WR73,73
1213414,MarShawn Lloyd,RB,174.9667,GB,166,RB50,73
1213865,Quentin Johnston,WR,175.91704,LAC,179,WR65,73
1213257,Bryce Young,QB,185.0768,CAR,198,QB22,73
910852,Greg Dortch,WR,192.41574,ARI,,,73
1232892,Jalin Hyatt,WR,217.34467,NYG,227,WR83,73
867303,Gardner Minshew II,QB,218.44632,LV,296,QB32,73
1161739,Trey Palmer,WR,226.2975,TB,228,WR84,73
750097,Matt Breida,RB,226.375,FA,,,73
1180332,Isaiah Spiller,RB,227.1525,LAC,282,RB89,73
883976,Olamide Zaccheaus,WR,227.4539,WAS,,,73
712506,Mo Alie-Cox,TE,227.9147,IND,,,73
976329,Michael Carter,RB,228.3415,ARI,249,RB78,73
1164979,Tre Tucker,WR,228.3458,LV,264,WR96,73
702808,Mack Hollins,WR,228.46982,BUF,,,73
1068803,Bo Melton,WR,230.4483,GB,,,73
832900,Chase Edmonds,RB,,TB,240,RB69,73
596417,Phillip Dorsett II,WR,,DEN,,,73
606551,Chris Moore,WR,,ARI,,,73
749635,Boston Scott,RB,,LAR,,,73
689689,Pharaoh Brown,TE,,SEA,,,73
1285908,Adonai Mitchell,WR,146.52881,IND,178,WR64,72
1059576,Ty Chandler,RB,146.7817,MIN,119,RB41,72
1116663,Will Levis,QB,162.86617,TEN,219,QB26,72
1287923,Bucky Irving,RB,166.41895,TB,239,RB68,72
1125111,Isaiah Likely,TE,167.73726,BAL,311,TE35,72
1180321,Xavier Legette,WR,170.54785,CAR,140,WR59,72
1165229,Ray Davis,RB,171.78479,BUF,172,RB56,72
1213867,Kendre Miller,RB,201.7959,NO,164,RB48,72
1163265,Roschon Johnson,RB,203.19493,CHI,196,RB59,72
1215035,Tank Bigsby,RB,211.10487,JAX,223,RB65,72
1128085,Greg Dulcich,TE,220.16202,DEN,292,TE33,72
867759,Ray-Ray McCloud III,WR,223.13896,ATL,,,72
976924,Kenny Pickett,QB,224.968,PHI,,,72
1110725,Justyn Ross,WR,225.2251,KC,,,72
1214414,Theo Johnson,TE,225.23944,NYG,,,72
865958,KaVontae Turpin,WR,225.76207,DAL,284,WR102,72
975387,Isaiah Hodgins,WR,226.0778,NYG,,,72
1176730,Skyy Moore,WR,226.3245,KC,,,72
875444,Adam Trautman,TE,226.4612,DEN,,,72
1056981,Noah Gray,TE,227.0689,KC,,,72
820435,Brandon Powell,WR,227.5287,MIN,,,72
1107878,Dyami Brown,WR,227.8136,WAS,,,72
1176782,Jonathan Mingo,WR,228.2138,CAR,275,WR101,72
839043,D'Ernest Johnson,RB,228.4407,JAX,250,RB79,72
946094,Chase Claypool,WR,229.2241,BUF,,,72
216342,Joe Flacco,QB,230.257,IND,319,QB40,72
877784,Ty Johnson,RB,230.4697,BUF,242,RB71,72
835779,Royce Freeman,RB,232.129,DAL,,,72
1214112,Tyler Scott,WR,232.9474,CHI,,,72
590796,Ameer Abdullah,RB,,LV,243,RB72,72
949134,Quez Watkins,WR,,PIT,,,72
658447,Zach Pascal,WR,,ARI,,,72
322858,Andy Dalton,QB,,CAR,,,72
757521,KhaDarel Hodge,WR,,ATL,,,72
865573,Foster Moreau,TE,,NO,,,72
835845,Khari Blasingame,RB,,CHI,,,72
1166036,Ashton Dulin,WR,,IND,,,72
913826,Byron Pringle,WR,,FA,,,72
1123379,Chase Brown,RB,97.760796,CIN,122,RB44,71
1213881,Ja'Lynn Polk,WR,145.08627,NE,177,WR63,71
879981,Daniel Jones,QB,179.8789,NYG,199,QB23,71
1228920,Ben Sinnott,TE,183.1734,WAS,290,TE31,71
1161899,Bo Nix,QB,191.29361,DEN,269,QB30,71
1215291,Malachi Corley,WR,201.38979,NYJ,229,WR85,71
1287636,Will Shipley,RB,213.32373,PHI,279,RB86,71
1286176,Troy Franklin,WR,214.55077,DEN,,,71
1287599,J.J. McCarthy,QB,215.7855,MIN,267,QB28,71
1229669,Roman Wilson,WR,216.27235,PIT,263,WR95,71
884943,Trenton Irwin,WR,224.5762,CIN,,,71
883259,Nick Westbrook-Ikhine,WR,225.1626,TEN,,,71
884080,Van Jefferson,WR,225.55737,PIT,261,WR93,71
1177970,Xavier Gipson,WR,225.7755,NYJ,,,71
749968,Durham Smythe,TE,226.9924,MIA,,,71
881779,Josh Oliver,TE,227.4693,MIN,,,71
739424,Austin Hooper,TE,227.6684,NE,,,71
1126338,Isaac Guerendo,RB,228.4797,SF,,,71
1218658,Darnell Washington,TE,229.4286,PIT,,,71
1109758,A.T. Perry,WR,229.9089,NO,,,71
1059684,Desmond Ridder,QB,230.8235,ARI,,,71
1128108,Kyle Philips,WR,,TEN,,,71
838396,Jordan Akins,TE,,CLE,,,71
916467,Harrison Bryant,TE,,LV,,,71
943841,James Robinson,RB,,NO,,,71
886641,JaMycal Hasty,RB,,NE,,,71
976066,Jalen Reagor,WR,,NE,,,71
556483,Michael Burton,RB,,DEN,,,71
884553,Miles Boykin,WR,,NYG,,,71
824428,Andrew Beck,RB,,HOU,,,71
612512,DeAndre Carter,WR,,CHI,,,71
924362,Quintez Cephus,WR,,HOU,,,71
1049915,David Moore,WR,,CAR,,,71
1218631,Jermaine Burton,WR,178.57587,CIN,205,WR77,70
1213726,Jalen McMillan,WR,193.2224,TB,233,WR89,70
880026,Sam Darnold,QB,193.47368,MIN,302,QB34,70
1164846,Luke McCaffrey,WR,200.65598,WAS,232,WR88,70
1321291,Audric Estime,RB,208.94463,DEN,,,70
1231136,Javon Baker,WR,217.93867,NE,,,70
1229074,Parker Washington,WR,225.3837,JAX,,,70
975503,Jelani Woods,TE,225.5825,IND,260,TE29,70
1277914,Devontez Walker,WR,226.87393,BAL,,,70
1110301,Tyquan Thornton,WR,226.9138,NE,,,70
1107478,Michael Penix Jr.,QB,227.17355,ATL,316,QB37,70
1181861,Jacob Cowing,WR,227.3906,SF,,,70
1130555,Tommy Tremble,TE,227.8667,CAR,,,70
1116817,Emari Demercado,RB,229.94,ARI,,,70
1228925,Deuce Vaughn,RB,230.0909,DAL,251,RB80,70
1122035,Daniel Bellinger,TE,230.5613,NYG,289,TE30,70
1163272,Jared Wiley,TE,230.5722,KC,,,70
660151,Robert Tonyan,TE,231.16,MIN,,,70
691536,Jameis Winston,QB,231.3237,CLE,,,70
1067132,Charlie Jones,WR,,CIN,,,70
1163866,Zonovan Knight,RB,,DET,,,70
749681,River Cracraft,WR,,MIA,,,70
877913,James Proche II,WR,,CLE,,,70
920944,Ben Skowronek,WR,,HOU,,,70
1228586,Danny Gray,WR,,SF,,,70
934331,Denzel Mims,WR,,JAX,,,70
922484,Travis Homer,RB,,CHI,,,70
838415,Tre'Quan Smith,WR,,DET,,,70
943093,Ian Thomas,TE,,CAR,,,70
837820,Dante Pettis,WR,,CHI,,,70
915030,Darrynton Evans,RB,,BUF,,,70
865895,Myles Gaskin,RB,,MIN,,,70
749136,Anthony Miller,WR,,FA,,,70
866174,Tyler Davis,TE,,GB,,,70
910431,N'Keal Harry,WR,,MIN,,,70
1325231,Braelon Allen,RB,174.19019,NYJ,222,RB64,69
1109708,Tyrone Tracy Jr.,RB,189.71611,NYG,212,RB60,69
1116001,Jordan Mason,RB,202.46552,SF,,,69
1060312,Colby Parkinson,TE,213.86147,LAR,291,TE32,69
973945,Mac Jones,QB,224.46773,JAX,,,69
1180328,Ainias Smith,WR,224.638,PHI,,,69
911644,Collin Johnson,WR,224.6697,CHI,,,69
1126817,Jalen Nailor,WR,225.77234,MIN,,,69
1178628,Jamari Thrash,WR,226.1818,CLE,,,69
741262,Joshua Dobbs,QB,226.2667,SF,,,69
607047,Jacoby Brissett,QB,227.0381,NE,,,69
1172080,Bub Means,WR,227.1444,NO,,,69
1214249,Israel Abanikanda,RB,227.2258,NYJ,,,69
1173255,Malik Washington,WR,228.0892,MIA,,,69
921050,Kylen Granson,TE,228.5804,IND,,,69
1181874,Tucker Kraft,TE,228.8417,GB,206,TE22,69
1168245,Sam Howell,QB,230.296,SEA,317,QB38,69
1124664,Cedric Tillman,WR,231.45677,CLE,272,WR98,69
1121871,Brevin Jordan,TE,231.8333,HOU,,,69
1161661,Anthony Gould,WR,235.1,IND,,,69
1113477,Derius Davis,WR,,LAC,,,69
1180347,David Bell,WR,,CLE,,,69
1130213,Ronnie Bell,WR,,SF,,,69
1056438,Jaelon Darden,WR,,CLE,,,69
1161729,Tyrion Davis-Price,RB,,FA,,,69
1130230,Hassan Haskins,RB,,TEN,,,69
884567,Jalen Guyton,WR,,LV,,,69
1049246,Salvon Ahmed,RB,,MIA,,,69
911236,Tyler Johnson,WR,,LAR,,,69
837087,Tom Kennedy,WR,,DET,,,69
1062546,Tylan Wallace,WR,,BAL,,,69
884601,Equanimeous St. Brown,WR,,NO,,,69
877596,Steven Sims,WR,,HOU,,,69
835437,James Washington,WR,,ATL,,,69
1124851,Andrei Iosivas,WR,205.72511,CIN,294,WR103,68
1161798,Eric Gray,RB,215.96857,NYG,241,RB70,68
1163273,Jordan Whittington,WR,220.50336,LAR,,,68
1326628,Ja'Tavion Sanders,TE,225.25226,CAR,,,68
1167356,Craig Reynolds,RB,225.2754,DET,,,68
1130242,Luke Schoonmaker,TE,225.6966,DAL,,,68
1121050,Jake Bobo,WR,225.6993,SEA,,,68
1381164,Sione Vaki,RB,225.7171,DET,,,68
946748,Kene Nwangwu,RB,226.3853,MIN,,,68
1225999,Brenden Rice,WR,226.7365,LAC,,,68
602091,Martavis Bryant,WR,228,FA,,,68
399579,Tyrod Taylor,QB,229.3729,NYJ,318,QB39,68
1213486,Johnny Wilson,WR,229.6336,PHI,,,68
976236,Trey Sermon,RB,229.69771,IND,244,RB73,68
1108052,Zach Wilson,QB,230.2222,DEN,,,68
1164940,Brenton Strange,TE,230.5217,JAX,,,68
1122596,Jeremy Ruckert,TE,230.7143,NYJ,,,68
1229133,Rasheen Ali,RB,231.8302,BAL,,,68
865844,Jake Browning,QB,233,CIN,,,68
837824,Drew Sample,TE,,CIN,,,68
1173032,Tahj Washington,WR,,MIA,,,68
946019,Chris Evans,RB,,CIN,,,68
1123496,Simi Fehoko,WR,,LAC,,,68
976309,DeeJay Dallas,RB,,ARI,,,68
1060650,Montrell Washington,WR,,KC,,,68
599113,Taylor Heinicke,QB,,ATL,,,68
563293,Chris Manhertz,TE,,NYG,,,68
591801,Chris Conley,WR,,SF,,,68
933537,J.J. Taylor,RB,,HOU,,,68
703015,Dare Ogunbowale,RB,,HOU,265,RB81,68
910463,Freddie Swain,WR,,CHI,,,68
1129405,Anthony Schwartz,WR,,MIA,,,68
748554,Laquon Treadwell,WR,,IND,,,68
1170916,Jalen Cropper,WR,,DAL,,,68
1169424,Jha'Quan Jackson,WR,,TEN,,,68
1229489,Tip Reiman,TE,,ARI,,,68
1068724,Raheem Blackshear,RB,218.99997,CAR,,,67
1393832,Ryan Flournoy,WR,224.9643,DAL,,,67
1213636,Xavier Hutchinson,WR,225.4483,HOU,,,67
1066811,Aidan O'Connell,QB,225.55646,LV,301,QB33,67
1271609,Isaiah Davis,RB,225.972,NYJ,247,RB76,67
1181659,Cornelius Johnson,WR,226.5567,LAC,,,67
1174752,Spencer Rattler,QB,227.8991,NO,,,67
607843,Marcus Mariota,QB,227.9565,WAS,,,67
740704,Johnny Mundt,TE,228.6939,MIN,,,67
1115394,Tanner Hudson,TE,229.6029,CIN,,,67
555358,Jimmy Garoppolo,QB,232.3571,LAR,,,67
1121887,Justin Shorter,WR,,BUF,,,67
1215792,Zach Evans,RB,,LAR,,,67
1168410,Gunner Olszewski,WR,,NYG,,,67
913546,Cornell Powell,WR,,KC,,,67
1125882,Keaontay Ingram,RB,,KC,,,67
1065138,Peyton Hendershot,TE,,DAL,,,67
975028,Malik Davis,RB,,DAL,,,67
913163,Tyler Huntley,QB,,CLE,,,67
1227717,DeWayne McBride,RB,,MIN,,,67
920560,Samori Toure,WR,,GB,,,67
828656,Nsimba Webster,WR,,CHI,,,67
746244,Keith Kirkwood,WR,,BAL,,,67
830084,Keelan Doss,WR,,LV,,,67
1131214,Dax Milne,WR,,WAS,,,67
880123,Lawrence Cager,TE,,NYG,,,67
694931,Eric Saubert,TE,,SF,,,67
1059221,Ihmir Smith-Marsette,WR,,CAR,,,67
875523,Kristian Wilkerson,WR,,LV,,,67
842181,Mike Boone,RB,,CAR,,,67
552586,MyCole Pruitt,TE,,PIT,,,67
767297,Anthony Firkser,TE,,NYJ,,,67
836079,Juwann Winfree,WR,,IND,,,67
1231079,Jason Brownlee,WR,,NYJ,,,67
1172173,Keilan Robinson,RB,,JAX,,,67
1176432,Isaiah Williams,WR,,DET,,,67
1214824,Kimani Vidal,RB,186.84283,LAC,,,66
1213362,Kayshon Boutte,WR,226.3761,NE,,,66
978120,Brock Wright,TE,226.404,DET,,,66
1223301,Jalen Brooks,WR,228.1776,DAL,,,66
694117,Cooper Rush,QB,228.7619,DAL,,,66
1173266,Evan Hull,RB,228.7945,IND,266,RB82,66
976966,Hendon Hooker,QB,228.8095,DET,,,66
1164788,Devaughn Vele,WR,228.9429,DEN,,,66
1164137,Jawhar Jordan,RB,229.0333,HOU,,,66
1213251,Jase McClellan,RB,229.0588,ATL,,,66
1108937,Jaret Patterson,RB,229.17833,LAC,,,66
1161664,Davis Allen,TE,230.075,LAR,,,66
1176431,Casey Washington,WR,230.7662,ATL,,,66
823220,Mason Rudolph,QB,230.8462,TEN,,,66
741785,Mike White,QB,231.3571,MIA,,,66
866973,David Sills V,WR,,DEN,,,66
1127065,Chris Brooks,RB,,MIA,,,66
910605,Trayveon Williams,RB,,CIN,278,RB85,66
920758,Lil'Jordan Humphrey,WR,,DEN,,,66
1121075,Jordan Travis,QB,,NYJ,,,66
1161114,Snoop Conner,RB,,DAL,,,66
976221,Grant Calcaterra,TE,,PHI,,,66
1226343,Rakim Jarrett,WR,,TB,,,66
1125846,Julius Chestnut,RB,,TEN,,,66
944038,John Bates,TE,,WAS,,,66
866149,Josiah Deguara,TE,,JAX,,,66
923834,Dez Fitzpatrick,WR,,PIT,,,66
1284247,Shane Zylstra,TE,,DET,,,66
1057457,Connor Heyward,TE,,PIT,,,66
1166944,Malik Taylor,WR,,NYJ,,,66
733849,Trent Taylor,WR,,SF,,,66
1058648,Charlie Kolar,TE,,BAL,,,66
833514,Cody Thompson,WR,,TB,,,66
554431,Eric Tomlinson,TE,,IND,,,66
1231559,Malik Heath,WR,,GB,,,66
1052852,Colton Dowell,WR,,TEN,,,66
1315586,Tejhaun Palmer,WR,,ARI,,,66
1122182,Dylan Laube,RB,223.59555,LV,,,65
1113403,Chris Rodriguez Jr.,RB,226.2444,WAS,277,RB84,65
1161853,Elijah Higgins,TE,226.4012,ARI,,,65
1168918,Tyler Goodson,RB,227.0957,IND,,,65
1175182,Cade Stover,TE,227.4325,HOU,,,65
1130975,Trey Lance,QB,228.0339,DAL,,,65
1107037,Josh Whyle,TE,228.1182,TEN,,,65
1060311,Davis Mills,QB,228.5405,HOU,,,65
728169,Mitchell Trubisky,QB,228.6857,BUF,,,65
1229765,Jaheim Bell,TE,229.4167,NE,,,65
1121873,Will Mallory,TE,,IND,,,65
921460,Brandon Johnson,WR,,DEN,,,65
922017,La'Mical Perine,RB,,PIT,,,65
911239,Ko Kieft,TE,,TB,,,65
1056747,Tim Jones,WR,,JAX,,,65
1071823,Josh Ali,WR,,ATL,,,65
914308,Jake Funk,RB,,DET,,,65
922040,Charlie Woerner,TE,,ATL,,,65
1123712,James Mitchell,TE,,DET,,,65
1384869,Dareke Young,WR,,SEA,,,65
1128527,Jermar Jefferson,RB,,DET,,,65
1191979,Mike Strachan,WR,,CAR,,,65
1120915,Erik Ezukanma,WR,,MIA,,,65
913829,Skylar Thompson,QB,,MIA,,,65
606488,Nick Vannett,TE,,TEN,,,65
976809,Elijah Cooks,WR,,JAX,,,65
1125739,Cameron Latu,TE,,SF,,,65
1069783,Matt Landers,WR,,CLE,,,65
1110686,Kearis Jackson,WR,,TEN,,,65
943189,Trishton Jackson,WR,224.8958,MIN,,,64
1172050,Kenny McIntosh,RB,225.8189,SEA,283,RB90,64
882345,Drew Lock,QB,229.4412,NYG,,,64
613866,Carson Wentz,QB,231.193,KC,,,64
1122692,Cole Turner,TE,,WAS,,,64
976252,Tre' McKitty,TE,,BUF,,,64
1128538,Teagan Quitoriano,TE,,HOU,,,64
1134438,Tanner McLachlan,TE,,CIN,,,64
883079,Zach Gentry,TE,,LV,,,64
1106846,Michael Woods II,WR,,CLE,,,64
1056950,Deon Jackson,RB,,FA,,,64
1058090,Bailey Zappe,QB,,NE,,,64
1215308,Mason Kinsey,WR,,TEN,,,64
946541,Luke Farrell,TE,,JAX,,,64
911020,Sean McKeon,TE,,DET,,,64
912553,Jonathan Ward,RB,,PIT,,,64
1056392,Lance McCutcheon,WR,,NYJ,,,64
1060550,Hunter Long,TE,,LAR,,,64
883312,Irvin Charles,WR,,NYJ,,,64
836094,Tommy Sweeney,TE,,CHI,,,64
752665,Ross Dwelley,TE,,ATL,,,64
837594,Jeremy McNichols,RB,,WAS,,,64
696882,Jacob Hollister,TE,,FA,,,64
1215305,Mitchell Tinsley,WR,,WAS,,,64
1323751,Grant DuBose,WR,,GB,,,64
891229,Davion Davis,WR,,WAS,,,64
1231735,Tulu Griffin,WR,,LV,,,64
1447759,Emanuel Wilson,RB,225.8232,GB,,,63
1130976,Hunter Luepke,RB,231.3636,DAL,,,63
976804,Ronnie Rivers,RB,,LAR,,,63
1130260,Payne Durham,TE,,TB,,,63
1059680,Quintin Morris,TE,,BUF,,,63
935156,Kwamie Lassiter II,WR,,CIN,,,63
1222147,Emani Bailey,RB,,KC,,,63
338280,Case Keenum,QB,,HOU,,,63
976323,Malik Willis,QB,,TEN,,,63
1049254,Jake Haener,QB,,NO,,,63
592538,Jeff Driskel,QB,,WAS,,,63
1049792,Nick Muse,TE,,MIN,,,63
1056660,Austin Trammell,WR,,JAX,,,63
911985,Jack Stoll,TE,,NYG,,,63
943843,Kenny Yeboah,TE,,NYJ,,,63
886243,Maurice Alexander,WR,,DET,,,63
882718,Britain Covey,WR,,PHI,,,63
924381,Kendric Pryor,WR,,CIN,,,63
1131017,John FitzPatrick,TE,,ATL,,,63
1125589,Brayden Willis,TE,,SF,,,63
920482,Michael Bandy,WR,,DEN,,,63
1137635,Xavier Smith,WR,,LAR,,,63
1123630,Julian Hill,TE,,MIA,,,63
1108202,Brevyn Spann-Ford,TE,,DAL,,,63
1166480,Lew Nichols,RB,,PHI,,,63
877073,Jaylon Moore,WR,,FA,,,63
865868,Jarrett Stidham,QB,225.58067,DEN,,,62
1228633,Sean Tucker,RB,227.3667,TB,,,62
831007,Easton Stick,QB,227.6078,LAC,,,62
1112338,Joe Milton III,QB,227.7265,NE,,,62
1129452,Ben Sims,TE,,GB,,,62
885940,Giovanni Ricci,TE,,CLE,,,62
1109133,Clayton Tune,QB,,ARI,,,62
1161190,Kevin Harris,RB,,NE,,,62
1107595,Zack Kuntz,TE,,NYJ,,,62
1079304,Troy Hairston,RB,,HOU,,,62
885540,Adam Prentice,RB,,NO,,,62
912596,Jalen Virgil,WR,,DEN,,,62
1191983,Tyreik McAllister,RB,,LV,,,62
951485,Kawaan Baker,WR,,NE,,,62
944379,Avery Williams,RB,,ATL,,,62
1107536,Devin Culp,TE,,TB,,,62
748309,Nick Mullens,QB,226.8141,MIN,,,61
1122323,Lucas Krull,TE,229.6102,DEN,,,61
555648,Jordan Matthews,TE,230.6872,CAR,,,61
1062314,Malik Cunningham,QB,231.8125,BAL,,,61
1132517,Nate Adkins,TE,,DEN,,,61
1128116,Dorian Thompson-Robinson,QB,,CLE,,,61
1060671,Tommy DeVito,QB,,NYG,,,61
1283807,Zach Davidson,TE,,BUF,,,61
921965,Raleigh Webb,WR,,TB,,,61
976797,Jordan Mims,RB,,NO,,,61
881697,Stephen Carlson,TE,,CHI,,,61
1161082,Trey Knox,TE,,MIN,,,61
1054175,Elijah Dotson,RB,,LAC,,,60
836347,John Wolford,QB,,TB,,,60
824177,Matt Sokol,TE,,PIT,,,60
822350,Kyle Allen,QB,,PIT,,,60
881056,Tyler Mabry,TE,,SEA,,,60
1162793,Max Duggan,QB,,LAC,,,60
1064955,Brady Russell,TE,,SEA,,,60
910380,Kyle Trask,QB,230.2609,TB,,,59
1131204,Jaren Hall,QB,,MIN,,,59
1057484,Cody White,WR,,SEA,,,59
846264,Parker Hesse,TE,,DET,,,59
838318,Chris Myarick,RB,,FA,,,59
922451,Brittain Brown,RB,,LV,,,59
1056865,Stone Smartt,TE,,LAC,,,59
885394,Mitchell Wilcox,TE,,NE,,,59
886392,Jacob Harris,WR,,PHI,,,59
273278,Josh Johnson,QB,,BAL,,,59
1214318,Michael Pratt,QB,,GB,,,59
1125632,Carter Bradley,QB,,LV,,,59
1166045,Nikola Kalinic,TE,,LAR,,,58
913368,Miller Forristall,TE,,LAR,,,58
1067089,Sean Clifford,QB,,GB,,,58
1122502,Devin Leary,QB,,BAL,,,58
1175819,Luke Benson,TE,,LAC,,,58
866216,Brett Rypien,QB,,CHI,,,57
746301,David Wells,TE,,TB,,,57
691784,C.J. Beathard,QB,,JAX,,,57
1131681,Zach Heins,TE,,LAC,,,57
840531,Kevin Rader,TE,,FA,,,57
1123521,Tanner McKee,QB,,PHI,,,57
1444140,Tyson Bagent,QB,,CHI,,,56
881048,Tyree Jackson,TE,,NYG,,,56
975829,Sam Ehlinger,QB,,IND,,,56
821950,Jake Luton,QB,,FA,,,56
947634,Chris Oladokun,QB,,KC,,,55
696112,Nate Sudfeld,QB,,DET,,,55
820423,Will Grier,QB,,PHI,,,55
879277,Ben DiNucci,QB,,FA,,,54
946261,Tanner Conner,TE,,MIA,,,54
604390,Brandon Allen,QB,,SF,,,54
732107,Logan Woodside,QB,,CIN,,,53
946092,Ian Book,QB,,KC,,,53
911619,Shane Buechele,QB,,BUF,,,52
1052860,Dresser Winn,QB,,LAR,,,50
300580,Andrew DePaola,TE,,MIN,,,50
1061591,Cal Adomitis,TE,,CIN,,,40
553024,Tyler Ott,TE,,WAS,,,35
843733,Mitchell Fraboni,TE,,DEN,,,34
402162,Patrick Scales,TE,,CHI,,,31
472623,James Winchester,TE,,KC,,,31
606799,Zach Wood,TE,,NO,,,26
822008,DJ Chark,WR,190.86499,LAC,208,WR78,
1106374,Chig Okonkwo,TE,197.02802,TEN,,,
912070,Michael Gallup,WR,223.2626,FA,,,
835909,JuJu Smith-Schuster,WR,224.3087,NE,,,
824080,Dalvin Cook,RB,224.7855,FA,,,
25347,Tom Brady,QB,225.11415,FA,,,
922026,Mecole Hardman,WR,225.6695,KC,,,
563824,Jerick McKinnon,RB,225.8658,FA,,,
1131206,Dallin Holker,TE,225.9091,NO,,,
1127080,Nikko Remigio,WR,225.9808,KC,,,
822014,Russell Gage,WR,225.9828,FA,,,
1108990,Blake Watson,RB,226.0612,DEN,,,
746613,Kareem Hunt,RB,226.0618,FA,,,
1182695,Mason Tipton,WR,226.0769,NO,,,
1506510,Louis Rees-Zammit,RB,226.1227,KC,,,
1128998,Deneric Prince,RB,226.2393,KC,,,
841649,Hunter Renfrow,WR,226.3488,FA,,,
1109285,Terrace Marshall Jr.,WR,226.3651,CAR,,,
830751,Daurice Fountain,WR,226.3953,DET,,,
973949,Tyrell Shavers,WR,226.4167,BUF,,,
1319219,Carson Steele,RB,226.4839,KC,,,
822013,Leonard Fournette,RB,226.8,FA,,,
1233127,Frank Gore Jr.,RB,227.0539,BUF,,,
1140248,Cody Schrader,RB,227.3214,SF,,,
507528,Logan Thomas,TE,227.35934,SF,,,
1062765,Calvin Austin III,WR,227.7813,PIT,,,
1050335,Pierre Strong Jr.,RB,227.8,CLE,,,
912061,Cedrick Wilson Jr.,WR,228.1226,NO,,,
1121220,Dante Miller,RB,228.2222,NYG,,,
600191,Darren Waller,TE,228.2936,FA,,,
875649,Donald Parham Jr.,TE,228.3932,LAC,,,
919304,Velus Jones Jr.,WR,228.6667,CHI,,,
834195,Jeff Wilson Jr.,RB,229.0594,MIA,,,
653699,Michael Thomas,WR,229.9074,FA,,,
944428,Irv Smith Jr.,TE,230.2308,KC,,,
976528,KJ Hamler,WR,230.5833,BUF,,,
1164533,Erick All Jr.,TE,231.19188,CIN,,,
1180625,George Holani,RB,233.1818,SEA,,,
602241,DeVante Parker,WR,,FA,,,
1130833,Deven Thompkins,WR,,CAR,,,
1231663,Dillon Johnson,RB,,CAR,,,
1065052,Tay Martin,WR,,SF,,,
840691,Rashaad Penny,RB,,FA,,,
1061929,Laviska Shenault Jr.,WR,,SEA,,,
943635,Patrick Taylor Jr.,RB,,SF,,,
1068738,Gary Brightwell,RB,,FA,,,
467405,Latavius Murray,RB,,FA,,,
914372,Darrell Henderson Jr.,RB,,FA,,,
1180538,Xavier Weaver,WR,,ARI,,,
1218635,Daijun Edwards,RB,,PIT,,,
1213345,Kendall Milton,RB,,PHI,,,
1218651,Marcus Rosemy-Jacksaint,WR,,WAS,,,
913155,Cole Fotheringham,TE,,LV,,,
1058076,Dennis Houston,WR,,NYG,,,
879766,John Kelly Jr.,RB,,CLE,,,
1271740,Drew Ogletree,TE,,IND,,,
920077,Albert Okwuegbunam Jr.,TE,,PHI,,,
1068165,Shi Smith,WR,,FA,,,
883429,Jeff Smith,WR,,ARI,,,
865838,Andre Baccellia,WR,,ARI,,,
976658,Racey McMath,WR,,DAL,,,
946101,Tony Jones Jr.,RB,,ARI,,,
883314,Dan Chisena,WR,,ARI,,,
1128981,Jashaun Corbin,RB,,NYG,,,
1068822,Travis Vokolek,TE,,ARI,,,
1069763,Stetson Bennett,QB,,LAR,,,
910766,Anthony Brown Jr.,QB,,LV,,,
1049250,Terrell Bynum,WR,,LV,,,
884014,Damien Harris,RB,,FA,,,
822644,Richie James Jr.,WR,,FA,,,
461620,Marvin Jones Jr.,WR,,FA,,,
732121,Corey Davis,WR,,FA,,,
380960,Ryan Tannehill,QB,,FA,,,
878371,Joshua Kelley,RB,,FA,,,
835861,Trent Sherfield Sr.,WR,,MIN,,,
749164,PJ Walker,QB,,SEA,,,
880294,Brycen Hopkins,TE,,FA,,,
978580,Amari Rodgers,WR,,FA,,,
752646,Jamal Agnew,WR,,FA,,,
306296,Colt McCoy,QB,,FA,,,
732147,O.J. Howard,TE,,FA,,,
608360,Robbie Chosen,WR,,FA,,,
463393,Blaine Gabbert,QB,,FA,,,
507478,Marquise Goodwin,WR,,FA,,,
1124338,Tyler Badie,RB,,DEN,,,
921454,Marquez Callaway,WR,,FA,,,
403189,Nick Foles,QB,,FA,,,
910406,Bryan Edwards,WR,,FA,,,
974627,Eno Benjamin,RB,,FA,,,
264725,Brian Hoyer,QB,,FA,,,
473742,John Brown,WR,,FA,,,
746243,Marcus Kemp,WR,,FA,,,
830686,Malik Turner,WR,,SF,,,
975816,Jake Fromm,QB,,FA,,,
1068199,Braylon Sanders,WR,,MIA,,,
911219,Seth Green,TE,,FA,,,
974916,Chase Garbers,QB,,FA,,,
962484,Ethan Fernea,WR,,IND,,,
920057,Justin Rigg,TE,,FA,,,
1289220,Zaire Mitchell-Paden,TE,,CLE,,,
1130844,Gerrit Prince,TE,,FA,,,
1165720,Derek Wright,WR,,FA,,,
910567,Hunter Kampmoyer,TE,,FA,,,
1284057,Bernhard Seikovits,TE,,ARI,,,
918238,Cade Johnson,WR,,FA,,,
1050233,Ben Mason,RB,,LAC,,,
742470,Corey Clement,RB,,FA,,,
911027,Gerrid Doaks,RB,,FA,,,
850603,Vyncint Smith,WR,,FA,,,
885029,Noah Togiai,TE,,FA,,,
838443,KeeSean Johnson,WR,,FA,,,
832473,Qadree Ollison,RB,,FA,,,
914571,Jason Huntley,RB,,FA,,,
740692,Devon Allen,WR,,FA,,,
1055267,Kyric McGowan,WR,,MIA,,,
946619,Chase Allen,TE,,FA,,,
1061999,Kennedy Brooks,RB,,FA,,,
1060299,Tucker Fisk,TE,,FA,,,
694088,Mason Schreck,TE,,FA,,,
1120854,Seth Williams,WR,,JAX,,,
866041,Ty'Son Williams,RB,,FA,,,
650974,Nathan Peterman,QB,,NO,,,
652520,Alex Erickson,WR,,FA,,,
914004,Jacob Eason,QB,,GB,,,
877244,Preston Williams,WR,,FA,,,
832080,Chris Herndon,TE,,FA,,,
728021,Geoff Swaim,TE,,FA,,,
877807,Ke'Shawn Vaughn,RB,,FA,,,
883307,Nick Bowers,TE,,FA,,,
1161108,Dontario Drummond,WR,,FA,,,
922039,Javon Wims,WR,,FA,,,
835694,Patrick Laird,RB,,FA,,,
1284191,Nate McCrary,RB,,FA,,,
911712,C.J. Saunders,WR,,FA,,,
1075002,Daylen Baldwin,WR,,FA,,,
1130582,John Hightower,WR,,FA,,,
976973,Dalton Keene,TE,,HOU,,,
558973,Keith Smith,RB,,FA,,,
1066869,Trestan Ebner,RB,,FA,,,
820601,Jakob Johnson,RB,,FA,,,
604908,Damiere Byrd,WR,,WAS,,,
910629,Dezmon Patmon,WR,,FA,,,
922092,Jordan Thomas,TE,,FA,,,
1123999,Blake Watson,TE,,FA,,,
1178561,De'Corian Clark,WR,,FA,,,
1179244,Michael Wiley,RB,,WAS,,,
1125599,Drake Stoops,WR,,LAR,,,
1133151,Marshel Martin IV,TE,,FA,,,
1174184,Hayden Hatten,WR,,SEA,,,
1289332,Konata Mumpfield,WR,,FA,,,
1136402,Sam Wiglusz,WR,,LAR,,,
1214082,Julian Fleming,WR,,FA,,,
1286480,Dominic Lovett,WR,,FA,,,
1323916,J.Michael Sturdivant,WR,,FA,,,
1232572,Chris Tyree,WR,,FA,,,
1244207,Jalen Berger,RB,,FA,,,
1317230,Roman Hemby,RB,,FA,,,
1286521,Kaden Prather,WR,,FA,,,
1214876,Troy Omeire,WR,,FA,,,
1214733,Corey Rucker,WR,,FA,,,
1313642,Montrell Johnson Jr.,RB,,FA,,,
1213478,DeaMonte Trayanum,RB,,FA,,,
1168733,Grant Gunnell,QB,,FA,,,
1181288,Payton Thorne,QB,,FA,,,
1508190,Alex Taylor,WR,,FA,,,
1315563,Bryson Nesbit,TE,,FA,,,
1110306,Tyler Shough,QB,,FA,,,
1231681,Jaden Walley,WR,,FA,,,
1108004,Brant Kuithe,TE,,FA,,,
1286370,Jaylin Noel,WR,,FA,,,
1213386,Brady Cook,QB,,FA,,,
1213909,Demarkcus Bowman,RB,,FA,,,
1161856,Austin Jones,RB,,WAS,,,
1052464,Blake Proehl,WR,,FA,,,
1049905,Alex Armah,RB,,FA,,,
1065123,Ty Fryfogle,WR,,FA,,,
728265,Chris Streveler,QB,,FA,,,
234403,Matthew Slater,WR,,FA,,,
835674,Kendall Blanton,TE,,FA,,,
1068872,Jake Tonges,TE,,SF,,,
922011,Tyrie Cleveland,WR,,IND,,,
865567,Tyron Billy-Johnson,WR,,DAL,,,
884044,Derrick Gore,RB,,FA,,,
693837,Jonathan Williams,RB,,FA,,,
1142646,Shemar Bridges,WR,,FA,,,
465752,Brandon Bolden,RB,,FA,,,
1176738,Jerrion Ealy,WR,,FA,,,
836164,Trace McSorley,QB,,FA,,,
881708,Jesper Horsted,TE,,NO,,,
824541,Cam Sims,WR,,CAR,,,
919285,Frank Darby,WR,,SF,,,
1051044,Aaron Shampklin,RB,,PIT,,,
741447,Tim Boyle,QB,,HOU,,,
919456,Trevon Wesco,TE,,FA,,,
910808,Stephen Sullivan,TE,,CAR,,,
944636,Armani Rogers,TE,,WAS,,,
836140,Jason Cabinda,RB,,FA,,,
910377,Feleipe Franks,TE,,CAR,,,
978127,Matt Bushman,TE,,FA,,,
974492,Kellen Mond,QB,,FA,,,
914812,Demetric Felton,RB,,CHI,,,
880022,Kirk Merritt,WR,,FA,,,
884350,Scotty Washington,TE,,BAL,,,
1069366,Zander Horvath,RB,,NO,,,
919462,Jalen Camp,WR,,CLE,,,
878911,Andy Isabella,WR,,BUF,,,
976983,Kalil Pimpleton,WR,,FA,,,
946008,Devin Asiasi,TE,,FA,,,
1161426,Makai Polk,WR,,FA,,,
1167484,Jody Fortson Jr.,TE,,MIA,,,
542871,Blake Bell,TE,,FA,,,
741292,Greg Ward,WR,,FA,,,
1049888,Nathan Rourke,QB,,FA,,,
888731,Ben Ellefson,TE,,FA,,,
823811,Nick Bawden,RB,,FA,,,
821297,David Blough,QB,,FA,,,
926280,Dee Eskridge,WR,,SEA,,,
866086,Kendall Hinton,WR,,FA,,,
1058693,Caleb Huntley,RB,,FA,,,
1165782,Trinity Benson,WR,,FA,,,
1384962,Jared Bernhardt,WR,,FA,,,
1066889,John Lovett,RB,,FA,,,
1107561,Greg Bell,RB,,FA,,,
1166235,Sincere McCormick,RB,,LV,,,
920072,Damarea Crockett,RB,,FA,,,
923814,DJ Turner,WR,,LV,,,
695408,C.J. Board,WR,,NE,,,
1068735,Stanley Berryhill,WR,,TBD,,,
606530,Derek Watt,RB,,FA,,,
386116,Taiwan Jones,RB,,FA,,,
823041,Sony Michel,RB,,FA,,,
498760,Rex Burkhead,RB,,FA,,,
830844,Justin Jackson,RB,,FA,,,
607660,Stephen Anderson,TE,,FA,,,
458093,A.J. Green,WR,,FA,,,
216263,Matt Ryan,QB,,FA,,,
552926,Cameron Brate,TE,,FA,,,
1053627,Dan Arnold,TE,,FA,,,
465129,Ryan Griffin,TE,,FA,,,
694015,Mike Davis,RB,,FA,,,
878935,Penny Hart,WR,,FA,,,
835086,Mike Thomas,WR,,FA,,,
822038,Darrel Williams,RB,,FA,,,
694588,Kenyan Drake,RB,,FA,,,
697295,Kenny Golladay,WR,,FA,,,
714230,Dwayne Washington,RB,,FA,,,
606516,Melvin Gordon III,RB,,FA,,,
465949,Randall Cobb,WR,,FA,,,
469472,Kyle Rudolph,TE,,FA,,,
558619,Jake Kumerow,WR,,FA,,,
602118,Sammy Watkins,WR,,FA,,,
742451,Godwin Igwebuike,RB,,FA,,,
821729,Dontrell Hilliard,RB,,FA,,,
300173,DeSean Jackson,WR,,FA,,,
691348,Marcus Johnson,WR,,FA,,,
546076,Giovani Bernard,RB,,FA,,,
589991,Jarvis Landry,WR,,FA,,,
460830,Cole Beasley,WR,,FA,,,
456614,Julio Jones,WR,,FA,,,
592268,Tyler Kroft,TE,,FA,,,
592195,Teddy Bridgewater,QB,,FA,,,
741322,Rashard Higgins,WR,,FA,,,
692334,J.P. Holtz,TE,,FA,,,
608353,J.D. McKissic,RB,,FA,,,
747861,Phillip Lindsay,RB,,FA,,,
835830,Cullen Gillaspia,RB,,FA,,,
696080,Tevin Coleman,RB,,FA,,,
652808,Breshad Perriman,WR,,FA,,,
728274,Cethan Carter,TE,,FA,,,
329031,Andre Roberts,WR,,FA,,,
976645,Tory Carter,RB,,FA,,,
552409,David Johnson,RB,,FA,,,
604724,Malcolm Brown,RB,,FA,,,
608753,Nick Boyle,TE,,FA,,,
840760,Marlon Mack,RB,,FA,,,
1075216,Trenton Cannon,RB,,FA,,,
924946,Antoine Wesley,WR,,FA,,,
916610,Brandon Zylstra,WR,,FA,,,
651658,Maxx Williams,TE,,FA,,,
652019,Jesse James,TE,,FA,,,
503496,Josh Gordon,WR,,FA,,,
607699,Richard Rodgers,TE,,FA,,,
747895,Darrell Daniels,TE,,FA,,,
691283,Damien Williams,RB,,FA,,,
295918,Jimmy Graham,TE,,FA,,,
696881,Cody Hollister,WR,,FA,,,
703203,Garrett Griffin,TE,,FA,,,
728038,Kevin White,WR,,FA,,,
468655,T.Y. Hilton,WR,,FA,,,
744595,Pharoh Cooper,WR,,FA,,,
546184,Trevor Siemian,QB,,FA,,,
882929,Keke Coutee,WR,,FA,,,
851225,Sammis Reyes,TE,,MIN,,,
694629,Colin Thompson,TE,,FA,,,
750802,Jordan Howard,RB,,FA,,,
866115,Devine Ozigbo,RB,,FA,,,
749205,Jordan Wilkins,RB,,FA,,,
1166990,Jason Moore,WR,,FA,,,
1073153,Kylin Hill,RB,,FA,,,
691583,Duke Johnson,RB,,FA,,,
820720,Daniel Helm,TE,,FA,,,
865649,Bryce Perkins,QB,,FA,,,
300101,Chase Daniel,QB,,FA,,,
830860,Reggie Bonnafon,RB,,FA,,,
879955,Jared Pinkney,TE,,FA,,,
865636,Tommy Hudson,TE,,NO,,,
888484,J.J. Koski,WR,,FA,,,
733638,Davis Webb,QB,,FA,,,
867047,Jacques Patrick,RB,,FA,,,
911713,Antonio Williams,RB,,FA,,,
1063397,D.J. Montgomery,WR,,IND,,,
910379,Josh Hammond,WR,,FA,,,
728964,Tanner Gentry,WR,,FA,,,
946594,Binjimen Victor,WR,,FA,,,
1065845,D'vonte Price,RB,,FA,,,
749590,Victor Bolden,WR,,FA,,,
887367,Reid Sinnett,QB,,FA,,,
867754,Deon Cain,WR,,FA,,,
976657,Jontre Kirklin,WR,,FA,,,
977908,Abram Smith,RB,,FA,,,
1108841,Darwin Thompson,RB,,FA,,,
882436,Michael Jacobson,TE,,NO,,,
877598,Jace Sternberger,TE,,FA,,,
822031,Trey Quinn,WR,,FA,,,
1446477,Jalen Sample,WR,,FA,,,
1123525,Brycen Tremayne,WR,,WAS,,,
1128075,Kazmeir Allen,WR,,WAS,,,
1446480,Keilahn Harris,WR,,FA,,,
1171870,Tyler Hudson,WR,,FA,,,
1214316,Duece Watts,WR,,PIT,,,
1121827,Daniel Arias,WR,,ARI,,,
1446481,Zay Malone,WR,,FA,,,
1062352,Justin Marshall,WR,,FA,,,
1229022,Zion Bowens,WR,,FA,,,
1060645,Thayer Thomas,WR,,MIN,,,
1128305,Antoine Green,WR,,DET,,,
1074714,Oliver Martin,WR,,FA,,,
1129513,Malik Knowles,WR,,MIN,,,
1061795,Malik Flowers,WR,,FA,,,
1109731,Blake Whiteheart,TE,,ARI,,,
1181975,Christian Sims,TE,,FA,,,
1126032,Camren McDonald,TE,,FA,,,
1123364,Joel Wilson,TE,,GB,,,
976459,Tanner Morgan,QB,,FA,,,
1122649,Henry Pearson,RB,,FA,,,
1113490,Jack Colletto,RB,,PIT,,,
1058751,Khalan Laborn,RB,,FA,,,
508649,AJ McCarron,QB,,FA,,,
824864,Alex McGough,QB,,FA,,,
1058744,James Blackman,QB,,FA,,,
1107584,Adrian Martinez,QB,,NYJ,,,
1107060,Holton Ahlers,QB,,FA,,,
756928,Tarik Cohen,RB,,NYJ,,,
1049797,Owen Wright,RB,,BAL,,,
1067309,Zavier Scott,RB,,IND,,,
1214921,Ellis Merriweather,RB,,GB,,,
1121069,Hassan Hall,RB,,FA,,,
976450,Mohamed Ibrahim,RB,,FA,,,
1064343,Tyler Hoosman,RB,,FA,,,
1110307,Travis Dye,RB,,FA,,,
1190024,Darius Hagans,RB,,FA,,,
1119185,Camerun Peoples,RB,,FA,,,
1447767,Ronnie Brown,RB,,FA,,,
912631,CJ Marable,RB,,FA,,,
976305,Robert Burns,RB,,ATL,,,
1062845,Xazavian Valladay,RB,,NYJ,,,
912319,Mathew Sexton,WR,,FA,,,
881670,Lucky Jackson,WR,,MIN,,,
1107867,Sean Ryan,WR,,BAL,,,
1049381,Thyrick Pitts,WR,,FA,,,
1386002,Kaden Davis,WR,,DET,,,
1118734,David Durden,WR,,DAL,,,
1118668,Ryan Miller,WR,,TB,,,
1125555,Chase Cota,WR,,NYG,,,
1120937,Bryce Ford-Wheaton,WR,,NYG,,,
1122985,Jacob Copeland,WR,,PIT,,,
1049552,Griffin Hebert,WR,,PHI,,,
1161677,Joseph Ngata,WR,,PHI,,,
1117789,T.J. Luther,WR,,FA,,,
1060276,Daewood Davis,WR,,FA,,,
879953,Isaiah Zuber,WR,,FA,,,
1054872,Isaiah Winstead,WR,,FA,,,
1108534,Dylan Drummond,WR,,ATL,,,
877654,Gary Jennings,WR,,FA,,,
744883,Marcell Ateman,WR,,FA,,,
1121046,Juwan Green,WR,,FA,,,
946014,Kekoa Crawford,WR,,FA,,,
1124187,Jose Barbon,WR,,FA,,,
1058767,Pokey Wilson,WR,,FA,,,
976505,Kade Warner,WR,,FA,,,
1051024,Tyler Adams,WR,,FA,,,
1059121,Kody Case,WR,,FA,,,
1109410,Aron Cruickshank,WR,,FA,,,
1066879,Gavin Holmes,WR,,FA,,,
747866,Devin Ross,WR,,FA,,,
976790,Chris Coleman,WR,,FA,,,
1067478,Jalen Wayne,WR,,GB,,,
1113206,Taye Barber,WR,,FA,,,
1162603,Jadon Haselwood,WR,,FA,,,
1216596,Johnny King,WR,,FA,,,
1123360,Ty Scott,WR,,SEA,,,
1128933,Taylor Grimes,WR,,FA,,,
976490,Tyjon Lindsey,WR,,FA,,,
1052316,Bryan Thompson,WR,,BUF,,,
1114364,Shedrick Jackson,WR,,CIN,,,
911710,Austin Mack,WR,,ATL,,,
1120347,Chris Blair,WR,,ATL,,,
1176733,Jared Wayne,WR,,FA,,,
1122847,Jordan Murray,TE,,IND,,,
1054203,John Samuel Shenker,TE,,LV,,,
1059585,Princeton Fant,TE,,DAL,,,
1060890,Tanner Taula,TE,,TB,,,
1120247,Izaiah Gathings,TE,,KC,,,
1051781,E.J. Jenkins,TE,,PHI,,,
882309,La'Michael Pettway,TE,,NE,,,
912698,Josh Pederson,TE,,JAX,,,
1062016,Ryan Jones,TE,,FA,,,
1128086,Michael Ezeike,TE,,FA,,,
946018,Nick Eubanks,TE,,FA,,,
1122107,Thomas Greaney,TE,,FA,,,
1067876,Noah Gindorff,TE,,FA,,,
976731,Sal Cannella,TE,,TB,,,
1109711,Sam Hartman,QB,,WAS,,,
1178557,Joshua Cephus,WR,,JAX,,,
880033,Ronald Jones II,RB,,FA,,,
791008,Keelan Cole Sr.,WR,,FA,,,
866112,Stanley Morgan Jr.,WR,,NO,,,
598969,Ty Montgomery II,RB,,FA,,,
1060285,Johnny Johnson III,WR,,HOU,,,
948705,Rodney Williams,TE,,PIT,,,
1055088,Reggie Roberson Jr.,WR,,FA,,,
1173430,Kaylon Geiger Sr.,WR,,FA,,,
1130526,Kevin Austin Jr.,WR,,NO,,,
1066286,B.J. Baylor,RB,,ATL,,,
976428,Anthony McFarland Jr.,RB,,FA,,,
1071826,Lynn Bowden Jr.,WR,,FA,,,
1051985,Mike Harley Jr.,WR,,FA,,,
866578,Scotty Miller,WR,,PIT,,,
1057673,Larry Rountree III,RB,,FA,,,
920062,Benny Snell Jr.,RB,,FA,,,
456613,Mark Ingram II,RB,,FA,,,
216309,Clark Harris,TE,,FA,,,
1056649,Jack Coco,TE,,FA,,,
591586,Willie Snead IV,WR,,FA,,,
975827,Easop Winston Jr.,WR,,SEA,,,
1056554,Roger Carter Jr.,TE,,FA,,,
1184077,Shaquan Davis,WR,,PHI,,,
1066417,Cephus Johnson III,WR,,TB,,,
1057725,Carlos Washington Jr.,RB,,ATL,,,
1120925,SaRodorick Thompson Jr.,RB,,FA,,,
1113487,John Stephens Jr.,WR,,DAL,,,
1109627,Austin Watkins Jr.,WR,,PHI,,,
1126303,Dontay Demus Jr.,WR,,FA,,,
1054923,Chris Pierce Jr.,TE,,FA,,,
1120499,Evan Deckers,TE,,TB,,,
943664,Branden Mack,WR,,FA,,,
1229503,AJ Barner,TE,,SEA,,,
1108526,Thomas Odukoya,TE,,TEN,,,
1126013,Tre'Shaun Harrison,WR,,TEN,,,
1446717,Patrick Murtagh,TE,,JAX,,,
1462491,JaQuae Jackson,WR,,NE,,,
1186796,Isaiah Wooden,WR,,FA,,,
1125063,John Paddock,QB,,ATL,,,
1215974,Chris Collier,RB,,BAL,,,
1172969,Dayton Wade,WR,,BAL,,,
1149190,Riley Sharp,TE,,BAL,,,
1176218,Tayvion Robinson,WR,,CAR,,,
1136395,Xavier Johnson,WR,,BUF,,,
1130538,Lawrence Keys III,WR,,BUF,,,
1120490,Sam Pinckney,WR,,FA,,,
1218753,Jalen Coker,WR,,CAR,,,
1106854,Jack Plummer,QB,,CAR,,,
1175504,Ian Wheeler,RB,,CHI,,,
1123102,Austin Reed,QB,,CHI,,,
1057461,Rocky Lombardi,QB,,CIN,,,
1214220,Cole Burgess,WR,,FA,,,
1121156,Alec Holler,TE,,DAL,,,
1120135,Cam Johnson,WR,,DAL,,,
1167009,Corey Crooms Jr.,WR,,DAL,,,
1107326,Thomas Yassmin,TE,,DEN,,,
1173128,Jalon Calhoun,WR,,DET,,,
1178413,Isaac Rex,TE,,FA,,,
1125087,Jarveon Howard,RB,,GB,,,
1124355,Messiah Swinson,TE,,GB,,,
1131687,Jaxon Janke,WR,,FA,,,
1131686,Jadon Janke,WR,,HOU,,,
1128295,British Brooks,RB,,HOU,,,
1122507,Trent Pennix,TE,,IND,,,
1118722,Jason Bean,QB,,IND,,,
1178347,Xavier White,WR,,FA,,,
1161818,Kedon Slovis,QB,,IND,,,
1130007,Jalen Jackson,RB,,JAX,,,
1399812,David White Jr.,WR,,JAX,,,
1392077,Brevin Easton,WR,,JAX,,,
1106992,Lorenzo Lingard,RB,,JAX,,,
1111498,Reggie Brown,WR,,FA,,,
1129496,Phillip Brooks,WR,,KC,,,
1163134,Baylor Cupp,TE,,KC,,,
1167079,Jeff Foreman,WR,,LV,,,
1161816,Ramel Keyton,WR,,LV,,,
1131023,Jaylen Johnson,WR,,LAC,,,
1122587,Jaelen Gill,WR,,LAC,,,
1110873,Casey Bauman,QB,,LAC,,,
1443386,Leon Johnson,WR,,LAC,,,
1180363,Neal Johnson,TE,,LAR,,,
1182096,Gavin Hardison,QB,,FA,,,
1180294,Hayden Rucci,TE,,MIA,,,
1182640,Ty James,WR,,MIN,,,
1168768,Devron Harper,WR,,FA,,,
1106382,Jeshaun Jones,WR,,MIN,,,
1113457,Jacob Warren,TE,,NE,,,
1105868,Deshaun Fenwick,RB,,NE,,,
1274459,Jermaine Jackson,WR,,NO,,,
1168960,Ayir Asante,WR,,NYG,,,
1478205,John Jiles,WR,,NYG,,,
1129719,Talik Keaton,WR,,FA,,,
1127066,McCallan Castles,TE,,PHI,,,
1176792,John Rhys Plumlee,QB,,PIT,,,
1125607,Tanner Mordecai,QB,,SF,,,
1121863,Jack Westover,TE,,SEA,,,
1130621,Chevan Cordeiro,QB,,FA,,,
1107298,Zack Annexstad,QB,,TB,,,
1161897,D.J. Williams,RB,,TB,,,
1118329,Steven Stilianos,TE,,TEN,,,
1060861,Jacob Kibodi,RB,,NO,,,
1509800,Kyle Sheets,WR,,KC,,,
1232898,Jabari Small,RB,,TEN,,,
1276671,Jaden Shirden,RB,,CAR,,,
820517,Jalen Hurd,WR,,FA,,,
945641,Tre Nixon,WR,,FA,,,
605325,Jakeem Grant Sr.,WR,,FA,,,
494493,Matt Barkley,QB,,FA,,,
927353,Drew Plitt,QB,,FA,,,
695199,Jaydon Mickens,WR,,FA,,,
742474,Troy Fumagalli,TE,,FA,,,
1115470,Johnny Lumpkin,TE,,FA,,,