ID,Name,DraftKings_Position,DraftKings_ADP,DraftKings_Team,Mapped Name,ESPN_Rank,ESPN_Positional_Rank,Team,ESPN_Salary_Cap_Value,Bye Week
830517,Christian McCaffrey,RB,1.2843014,SF,Christian McCaffrey,1,RB1,SF,57,9
823156,Tyreek Hill,WR,2.2975693,MIA,Tyreek Hill,5,WR2,MIA,54,6
1062020,CeeDee Lamb,WR,3.1373508,DAL,CeeDee Lamb,4,WR1,DAL,55,7
1127106,Amon-Ra St. Brown,WR,4.8442082,DET,Amon-Ra St. Brown,7,WR4,DET,53,5
1109979,Ja'Marr Chase,WR,5.21646,CIN,Ja'Marr Chase,6,WR3,CIN,53,12
1069535,Justin Jefferson,WR,6.3070164,MIN,Justin Jefferson,8,WR5,MIN,52,6
1228244,Bijan Robinson,RB,6.812595,ATL,Bijan Robinson,3,RB3,ATL,55,12
1162537,Breece Hall,RB,7.191793,NYJ,Breece Hall,2,RB2,NYJ,56,12
944826,A.J. Brown,WR,9.109231,PHI,A.J. Brown,12,WR6,PHI,46,5
1164889,Garrett Wilson,WR,10.215535,NYJ,Garrett Wilson,14,WR8,NYJ,43,12
1162128,Puka Nacua,WR,12.408298,LAR,Puka Nacua,13,WR7,LAR,45,6
1287828,Marvin Harrison Jr.,WR,13.367641,ARI,Marvin Harrison Jr.,34,WR13,ARI,23,11
883302,Saquon Barkley,RB,14.247274,PHI,Saquon Barkley,10,RB5,PHI,50,5
1214154,Jahmyr Gibbs,RB,14.680133,DET,Jahmyr Gibbs,15,RB7,DET,42,5
1065406,Jonathan Taylor,RB,14.683426,IND,Jonathan Taylor,9,RB4,IND,51,14
1178741,Drake London,WR,17.002934,ATL,Drake London,35,WR14,ATL,22,12
835749,Deebo Samuel Sr.,WR,17.704725,SF,Deebo Samuel Sr.,39,WR18,SF,21,9
698227,Cooper Kupp,WR,18.651234,LAR,Cooper Kupp,46,WR23,LAR,15,6
1074698,Nico Collins,WR,19.255526,HOU,Nico Collins,36,WR15,HOU,22,14
1231820,De'Von Achane,RB,19.946758,MIA,De'Von Achane,33,RB17,MIA,24,6
1167361,Kyren Williams,RB,21.462652,LAR,Kyren Williams,11,RB6,LAR,48,6
611417,Davante Adams,WR,21.663404,LV,Davante Adams,18,WR10,LV,37,10
732145,Derrick Henry,RB,23.043007,BAL,Derrick Henry,22,RB10,BAL,33,14
1122592,Chris Olave,WR,23.956263,NO,Chris Olave,17,WR9,NO,38,12
1125749,Jaylen Waddle,WR,26.20356,MIA,Jaylen Waddle,43,WR22,MIA,18,6
593587,Mike Evans,WR,26.337898,TB,Mike Evans,20,WR12,TB,35,11
1286059,Malik Nabers,WR,28.081802,NYG,Malik Nabers,49,WR26,NYG,13,11
1060262,DeVonta Smith,WR,28.661335,PHI,DeVonta Smith,42,WR21,PHI,19,5
448240,Travis Kelce,TE,29.847757,KC,Travis Kelce,28,TE2,KC,29,6
978577,Travis Etienne Jr.,RB,30.356167,JAX,Travis Etienne Jr.,21,RB9,JAC,34,12
1106832,Isiah Pacheco,RB,30.539078,KC,Isiah Pacheco,16,RB8,KC,40,6
877790,DJ Moore,WR,31.854765,CHI,DJ Moore,40,WR19,CHI,20,7
1107034,Brandon Aiyuk,WR,32.56018,SF,Brandon Aiyuk,38,WR17,SF,21,9
945633,DK Metcalf,WR,34.10401,SEA,DK Metcalf,37,WR16,SEA,22,10
868199,Josh Allen,QB,35.975765,BUF,Josh Allen,29,QB1,BUF,28,12
911348,Michael Pittman Jr.,WR,36.032135,IND,Michael Pittman Jr.,19,WR11,IND,36,14
1168926,Sam LaPorta,TE,38.0584,DET,Sam LaPorta,27,TE1,DET,30,5
694041,Stefon Diggs,WR,39.014965,HOU,Stefon Diggs,41,WR20,HOU,19,14
913271,Jalen Hurts,QB,39.91317,PHI,Jalen Hurts,30,QB2,PHI,27,5
1128222,Tank Dell,WR,41.01405,HOU,Tank Dell,54,WR30,HOU,10,14
839031,Patrick Mahomes,QB,41.14932,KC,Patrick Mahomes,45,QB4,KC,17,6
944416,Josh Jacobs,RB,41.838036,GB,Josh Jacobs,31,RB15,GB,26,10
1177053,Zay Flowers,WR,42.783546,BAL,Zay Flowers,47,WR24,BAL,15,14
877745,Lamar Jackson,QB,45.016777,BAL,Lamar Jackson,44,QB3,BAL,17,14
650914,Amari Cooper,WR,46.00077,CLE,Amari Cooper,56,WR32,CLE,10,10
1108161,Trey McBride,TE,46.496204,ARI,Trey McBride,59,TE4,ARI,9,11
1131012,James Cook,RB,47.211227,BUF,James Cook,25,RB13,BUF,31,12
1173538,Rashee Rice,WR,48.341167,KC,Rashee Rice,58,WR34,KC,9,6
978579,Tee Higgins,WR,48.872284,CIN,Tee Higgins,50,WR27,CIN,13,12
1172053,George Pickens,WR,49.979057,PIT,George Pickens,52,WR28,PIT,11,9
1229343,Rachaad White,RB,50.452354,TB,Rachaad White,23,RB11,TB,32,11
1135513,Dalton Kincaid,TE,52.271423,BUF,Dalton Kincaid,69,TE7,BUF,6,12
865801,Christian Kirk,WR,54.499416,JAX,Christian Kirk,84,WR37,JAC,4,12
820699,Mark Andrews,TE,54.65451,BAL,Mark Andrews,51,TE3,BAL,12,14
836116,Terry McLaurin,WR,55.310246,WAS,Terry McLaurin,83,WR36,WAS,4,14
750846,Alvin Kamara,RB,57.15792,NO,Alvin Kamara,24,RB12,NO,32,12
820727,Joe Mixon,RB,57.314514,HOU,Joe Mixon,26,RB14,HOU,30,14
1214084,C.J. Stroud,QB,57.512165,HOU,C.J. Stroud,62,QB6,HOU,8,14
557210,Keenan Allen,WR,59.511196,CHI,Keenan Allen,55,WR31,CHI,10,7
1164402,Kenneth Walker III,RB,59.62396,SEA,Kenneth Walker III,32,RB16,SEA,25,10
884013,Calvin Ridley,WR,61.904106,TEN,Calvin Ridley,48,WR25,TEN,14,5
1215022,Anthony Richardson,QB,62.288532,IND,Anthony Richardson,61,QB5,IND,8,14
1123026,Kyle Pitts,TE,64.0488,ATL,Kyle Pitts,70,TE8,ATL,6,12
946739,David Montgomery,RB,64.13152,DET,David Montgomery,74,RB24,DET,5,5
835127,Chris Godwin,WR,64.32582,TB,Chris Godwin,53,WR29,TB,11,11
733672,George Kittle,TE,65.72464,SF,George Kittle,68,TE6,SF,6,9
1123398,Jayden Reed,WR,67.363556,GB,Jayden Reed,92,WR41,GB,3,10
1326638,Xavier Worthy,WR,67.95041,KC,Xavier Worthy,106,WR47,KC,2,6
742390,James Conner,RB,69.13172,ARI,James Conner,72,RB22,ARI,6,11
741314,Aaron Jones,RB,69.703026,MIN,Aaron Jones,71,RB21,MIN,6,6
879799,Kyler Murray,QB,71.00056,ARI,Kyler Murray,78,QB9,ARI,4,11
749185,Evan Engram,TE,73.74739,JAX,Evan Engram,60,TE5,JAC,9,12
891115,Diontae Johnson,WR,74.78419,CAR,Diontae Johnson,82,WR35,CAR,4,11
1322431,Keon Coleman,WR,75.46053,BUF,Keon Coleman,108,WR49,BUF,2,12
1110697,Zamir White,RB,76.6614,LV,Zamir White,73,RB23,LV,6,10
1067918,Christian Watson,WR,77.61211,GB,Christian Watson,91,WR40,GB,3,10
1069808,D'Andre Swift,RB,78.61897,CHI,D'Andre Swift,67,RB20,CHI,7,7
1174682,Rhamondre Stevenson,RB,79.53047,NE,Rhamondre Stevenson,65,RB18,NE,7,14
606501,Raheem Mostert,RB,80.68627,MIA,Raheem Mostert,103,RB35,MIA,2,6
1213727,Rome Odunze,WR,80.78804,CHI,Rome Odunze,105,WR46,CHI,2,7
878785,Joe Burrow,QB,80.79913,CIN,Joe Burrow,63,QB7,CIN,8,12
1065361,Jake Ferguson,TE,83.34033,DAL,Jake Ferguson,88,TE10,DAL,3,7
976220,Hollywood Brown,WR,83.63749,KC,Marquise Brown,104,WR45,KC,2,6
1175184,Jameson Williams,WR,83.87614,DET,Jameson Williams,129,WR57,DET,1,5
591816,Dak Prescott,QB,85.62015,DAL,Dak Prescott,64,QB8,DAL,7,7
912137,Jordan Love,QB,85.789406,GB,Jordan Love,79,QB10,GB,4,10
1214087,Jaxon Smith-Njigba,WR,86.58994,SEA,Jaxon Smith-Njigba,93,WR42,SEA,3,10
1176443,Jaylen Warren,RB,87.429726,PIT,Jaylen Warren,96,RB28,PIT,2,9
832098,David Njoku,TE,90.07767,CLE,David Njoku,87,TE9,CLE,3,10
973964,Najee Harris,RB,90.75508,PIT,Najee Harris,77,RB27,PIT,5,9
821389,Curtis Samuel,WR,91.34924,BUF,Curtis Samuel,128,WR56,BUF,1,12
1286064,Brian Thomas Jr.,WR,91.7684,JAX,Brian Thomas Jr.,109,WR50,JAC,2,12
1122653,Romeo Doubs,WR,93.64063,GB,Romeo Doubs,176,WR62,GB,0,10
880398,Tony Pollard,RB,93.892265,TEN,Tony Pollard,99,RB31,TEN,2,5
1161228,Jayden Daniels,QB,93.90591,WAS,Jayden Daniels,111,QB14,WAS,2,14
1218643,Ladd McConkey,WR,94.11174,LAC,Ladd McConkey,107,WR48,LAC,2,5
1285917,Brock Bowers,TE,97.40683,LV,Brock Bowers,131,TE13,LV,1,10
1123379,Chase Brown,RB,97.760796,CIN,Chase Brown,122,RB44,CIN,1,12
1286445,Caleb Williams,QB,100.19431,CHI,Caleb Williams,113,QB16,CHI,2,7
1121761,Brock Purdy,QB,101.593445,SF,Brock Purdy,80,QB11,SF,4,9
838878,Courtland Sutton,WR,102.49221,DEN,Courtland Sutton,86,WR39,DEN,4,14
913170,Zack Moss,RB,103.19292,CIN,Zack Moss,76,RB26,CIN,5,12
1107881,Javonte Williams,RB,103.66474,DEN,Javonte Williams,97,RB29,DEN,2,14
1214250,Jordan Addison,WR,104.48436,MIN,Jordan Addison,85,WR38,MIN,4,6
560241,DeAndre Hopkins,WR,106.60683,TEN,DeAndre Hopkins,57,WR33,TEN,10,5
1130603,Khalil Shakir,WR,107.10582,BUF,Khalil Shakir,175,WR61,BUF,0,12
727837,Jared Goff,QB,107.37152,DET,Jared Goff,197,QB21,DET,0,5
790004,Austin Ekeler,RB,108.13045,WAS,Austin Ekeler,100,RB32,WAS,2,14
916466,Devin Singletary,RB,108.26786,NYG,Devin Singletary,101,RB33,NYG,2,11
1059612,Joshua Palmer,WR,109.03874,LAC,Joshua Palmer,180,WR66,LAC,0,5
973947,Tua Tagovailoa,QB,110.18518,MIA,Tua Tagovailoa,161,QB19,MIA,0,6
1169430,Tyjae Spears,RB,111.48623,TEN,Tyjae Spears,98,RB30,TEN,2,5
791365,Dallas Goedert,TE,112.389175,PHI,Dallas Goedert,89,TE11,PHI,3,5
973966,Brian Robinson Jr.,RB,112.5538,WAS,Brian Robinson Jr.,75,RB25,WAS,5,14
1326601,Jonathon Brooks,RB,114.013626,CAR,Jonathon Brooks,66,RB19,CAR,7,11
607864,Brandin Cooks,WR,116.99176,DAL,Brandin Cooks,181,WR67,DAL,0,7
1110711,Trevor Lawrence,QB,117.188126,JAX,Trevor Lawrence,136,QB18,JAC,1,12
822857,Nick Chubb,RB,117.47932,CLE,Nick Chubb,115,RB37,CLE,2,10
1125737,Jerome Ford,RB,117.641174,CLE,Jerome Ford,121,RB43,CLE,1,10
880151,Jakobi Meyers,WR,120.47239,LV,Jakobi Meyers,126,WR54,LV,1,10
830523,Dalton Schultz,TE,122.21778,HOU,Dalton Schultz,133,TE15,HOU,1,14
933480,Rico Dowdle,RB,122.739914,DAL,Rico Dowdle,168,RB52,DAL,0,7
605242,Tyler Lockett,WR,123.51973,SEA,Tyler Lockett,95,WR44,SEA,3,10
923412,Rashid Shaheed,WR,124.34815,NO,Rashid Shaheed,130,WR58,NO,1,12
1172428,Dontayvion Wicks,WR,124.99509,GB,Dontayvion Wicks,234,WR90,GB,0,10
739799,Gus Edwards,RB,126.17244,LAC,Gus Edwards,114,RB36,LAC,2,5
1229540,Blake Corum,RB,126.24752,LAR,Blake Corum,138,RB46,LAR,1,6
403308,Kirk Cousins,QB,128.75401,ATL,Kirk Cousins,112,QB15,ATL,2,12
1116662,Pat Freiermuth,TE,130.78258,PIT,Pat Freiermuth,132,TE14,PIT,1,9
1248031,Trey Benson,RB,131.24371,ARI,Trey Benson,137,RB45,ARI,1,11
728338,Ezekiel Elliott,RB,131.76828,DAL,Ezekiel Elliott,102,RB34,DAL,2,7
976761,Gabe Davis,WR,131.78935,JAX,Gabe Davis,125,WR53,JAC,1,12
323205,Matthew Stafford,QB,134.06395,LAR,Matthew Stafford,162,QB20,LAR,0,6
733754,Mike Williams,WR,134.24219,NYJ,Mike Williams,94,WR43,NYJ,3,12
1066765,Cole Kmet,TE,134.83475,CHI,Cole Kmet,134,TE16,CHI,1,7
1121878,Jahan Dotson,WR,136.02246,WAS,Jahan Dotson,193,WR71,WAS,0,14
973935,Jerry Jeudy,WR,137.27385,CLE,Jerry Jeudy,124,WR52,CLE,1,10
976513,J.K. Dobbins,RB,140.27301,LAC,J.K. Dobbins,116,RB38,LAC,2,5
910562,Justin Herbert,QB,140.84012,LAC,Justin Herbert,110,QB13,LAC,2,5
1164530,Zach Charbonnet,RB,141.36964,SEA,Zach Charbonnet,117,RB39,SEA,2,10
733643,Adam Thielen,WR,142.73228,CAR,Adam Thielen,127,WR55,CAR,1,11
923915,T.J. Hockenson,TE,142.8383,MIN,T.J. Hockenson,90,TE12,MIN,3,6
748070,Baker Mayfield,QB,143.49364,TB,Baker Mayfield,200,QB24,TB,0,11
1062047,Chuba Hubbard,RB,143.79126,CAR,Chuba Hubbard,163,RB47,CAR,0,11
1213881,Ja'Lynn Polk,WR,145.08627,NE,Ja'Lynn Polk,177,WR63,NE,0,14
503184,Taysom Hill,TE,145.65292,NO,Taysom Hill,185,TE18,NO,0,12
213957,Aaron Rodgers,QB,146.19395,NYJ,Aaron Rodgers,81,QB12,NYJ,4,12
1285908,Adonai Mitchell,WR,146.52881,IND,Adonai Mitchell,178,WR64,IND,0,14
1059576,Ty Chandler,RB,146.7817,MIN,Ty Chandler,119,RB41,MIN,2,6
912027,Darnell Mooney,WR,149.44801,ATL,Darnell Mooney,123,WR51,ATL,1,12
828743,Deshaun Watson,QB,149.59492,CLE,Deshaun Watson,135,QB17,CLE,1,10
1131198,Tyler Allgeier,RB,150.02446,ATL,Tyler Allgeier,118,RB40,ATL,2,12
1179790,Luke Musgrave,TE,152.6863,GB,Luke Musgrave,207,TE23,GB,0,10
1286513,Jaylen Wright,RB,153.97813,MIA,Jaylen Wright,173,RB57,MIA,0,6
1049263,Cade Otton,TE,155.06657,TB,Cade Otton,216,TE25,TB,0,11
1123529,Michael Wilson,WR,155.21956,ARI,Michael Wilson,224,WR82,ARI,0,11
1215077,Josh Downs,WR,158.44447,IND,Josh Downs,184,WR70,IND,0,14
513856,Geno Smith,QB,158.72478,SEA,Geno Smith,218,QB25,SEA,0,10
1271738,Jaleel McLaughlin,RB,160.55269,DEN,Jaleel McLaughlin,165,RB49,DEN,0,14
1116663,Will Levis,QB,162.86617,TEN,Will Levis,219,QB26,TEN,0,5
1164875,Wan'Dale Robinson,WR,164.6912,NYG,Wan'Dale Robinson,202,WR74,NYG,0,11
1107826,Antonio Gibson,RB,166.2193,NE,Antonio Gibson,120,RB42,NE,2,14
1287923,Bucky Irving,RB,166.41895,TB,Bucky Irving,239,RB68,TB,0,11
1161416,Ricky Pearsall,WR,167.3458,SF,Ricky Pearsall,194,WR72,SF,0,9
1125111,Isaiah Likely,TE,167.73726,BAL,Isaiah Likely,311,TE35,BAL,0,14
727279,Demarcus Robinson,WR,169.11005,LAR,Demarcus Robinson,201,WR73,LAR,0,6
744425,Hunter Henry,TE,170.18738,NE,Hunter Henry,188,TE21,NE,0,14
1180321,Xavier Legette,WR,170.54785,CAR,Xavier Legette,140,WR59,CAR,1,11
1165229,Ray Davis,RB,171.78479,BUF,Ray Davis,172,RB56,BUF,0,12
1110681,Justin Fields,QB,172.48734,PIT,Justin Fields,315,QB36,PIT,0,9
861278,Tyler Conklin,TE,173.53398,NYJ,Tyler Conklin,139,TE17,NYJ,1,12
935104,Khalil Herbert,RB,173.92911,CHI,Khalil Herbert,169,RB53,CHI,0,7
1066424,Jalen Tolbert,WR,174.09996,DAL,Jalen Tolbert,211,WR81,DAL,0,7
1325231,Braelon Allen,RB,174.19019,NYJ,Braelon Allen,222,RB64,NYJ,0,12
1213414,MarShawn Lloyd,RB,174.9667,GB,MarShawn Lloyd,166,RB50,GB,0,10
1213865,Quentin Johnston,WR,175.91704,LAC,Quentin Johnston,179,WR65,LAC,0,5
1108208,Rashod Bateman,WR,176.062,BAL,Rashod Bateman,210,WR80,BAL,0,14
496083,Derek Carr,QB,177.39983,NO,Derek Carr,270,QB31,NO,0,12
1218631,Jermaine Burton,WR,178.57587,CIN,Jermaine Burton,205,WR77,CIN,0,12
879981,Daniel Jones,QB,179.8789,NYG,Daniel Jones,199,QB23,NYG,0,11
1175693,DeMario Douglas,WR,181.84087,NE,DeMario Douglas,174,WR60,NE,0,14
1228920,Ben Sinnott,TE,183.1734,WAS,Ben Sinnott,290,TE31,WAS,0,14
923911,Noah Fant,TE,184.64044,SEA,Noah Fant,215,TE24,SEA,0,10
1213257,Bryce Young,QB,185.0768,CAR,Bryce Young,198,QB22,CAR,0,11
1214824,Kimani Vidal,RB,186.84283,LAC,Kimani Vidal,,,,,
1213799,Marvin Mims Jr.,WR,188.0257,DEN,Marvin Mims Jr.,183,WR69,DEN,0,14
742387,Tyler Boyd,WR,188.4382,TEN,Tyler Boyd,203,WR75,TEN,0,5
743749,Jonnu Smith,TE,189.03983,MIA,Jonnu Smith,258,TE27,MIA,0,6
1109708,Tyrone Tracy Jr.,RB,189.71611,NYG,Tyrone Tracy Jr.,212,RB60,NYG,0,11
822008,DJ Chark,WR,190.86499,LAC,DJ Chark Jr.,208,WR78,LAC,0,5
1161899,Bo Nix,QB,191.29361,DEN,Bo Nix,269,QB30,DEN,0,14
1108998,Dameon Pierce,RB,192.35281,HOU,Dameon Pierce,246,RB75,HOU,0,14
910852,Greg Dortch,WR,192.41574,ARI,Greg Dortch,,,,,
1213726,Jalen McMillan,WR,193.2224,TB,Jalen McMillan,233,WR89,TB,0,11
880026,Sam Darnold,QB,193.47368,MIN,Sam Darnold,302,QB34,MIN,0,6
1106374,Chig Okonkwo,TE,197.02802,TEN,Chig Okonkwo,,,,,
1050833,Elijah Mitchell,RB,197.96738,SF,Elijah Mitchell,213,RB61,SF,0,9
836152,Mike Gesicki,TE,199.91927,CIN,Mike Gesicki,,,,,
1164846,Luke McCaffrey,WR,200.65598,WAS,Luke McCaffrey,232,WR88,WAS,0,14
1215291,Malachi Corley,WR,201.38979,NYJ,Malachi Corley,229,WR85,NYJ,0,12
1213867,Kendre Miller,RB,201.7959,NO,Kendre Miller,164,RB48,NO,0,12
1116001,Jordan Mason,RB,202.46552,SF,Jordan Mason,,,,,
1163265,Roschon Johnson,RB,203.19493,CHI,Roschon Johnson,196,RB59,CHI,0,7
401534,Russell Wilson,QB,204.78024,PIT,Russell Wilson,220,QB27,PIT,0,9
1124851,Andrei Iosivas,WR,205.72511,CIN,Andrei Iosivas,294,WR103,CIN,0,12
923109,Justice Hill,RB,207.36082,BAL,Justice Hill,226,RB67,BAL,0,14
1060545,AJ Dillon,RB,207.88019,GB,AJ Dillon,276,RB83,GB,0,10
1286803,Drake Maye,QB,208.21494,NE,Drake Maye,268,QB29,NE,0,14
1321291,Audric Estime,RB,208.94463,DEN,Audric Estime,,,,,
867009,Jauan Jennings,WR,208.94966,SF,Jauan Jennings,,,,,
884609,Juwan Johnson,TE,210.93819,NO,Juwan Johnson,187,TE20,NO,0,12
1215035,Tank Bigsby,RB,211.10487,JAX,Tank Bigsby,223,RB65,JAC,0,12
1287636,Will Shipley,RB,213.32373,PHI,Will Shipley,279,RB86,PHI,0,5
1060312,Colby Parkinson,TE,213.86147,LAR,Colby Parkinson,291,TE32,LAR,0,6
1286176,Troy Franklin,WR,214.55077,DEN,Troy Franklin,,,,,
1287599,J.J. McCarthy,QB,215.7855,MIN,J.J. McCarthy,267,QB28,MIN,0,6
1161798,Eric Gray,RB,215.96857,NYG,Eric Gray,241,RB70,NYG,0,11
1229669,Roman Wilson,WR,216.27235,PIT,Roman Wilson,263,WR95,PIT,0,9
503177,Zach Ertz,TE,216.88623,WAS,Zach Ertz,293,TE34,WAS,0,14
1232892,Jalin Hyatt,WR,217.34467,NYG,Jalin Hyatt,227,WR83,NYG,0,11
1231136,Javon Baker,WR,217.93867,NE,Javon Baker,,,,,
867303,Gardner Minshew II,QB,218.44632,LV,Gardner Minshew II,296,QB32,LV,0,10
1068724,Raheem Blackshear,RB,218.99997,CAR,Raheem Blackshear,,,,,
746491,Zay Jones,WR,219.2302,ARI,Zay Jones,209,WR79,ARI,0,11
1128085,Greg Dulcich,TE,220.16202,DEN,Greg Dulcich,292,TE33,DEN,0,14
1163273,Jordan Whittington,WR,220.50336,LAR,Jordan Whittington,,,,,
884083,Dawson Knox,TE,221.07188,BUF,Dawson Knox,259,TE28,BUF,0,12
944343,Alexander Mattison,RB,221.96706,LV,Alexander Mattison,170,RB54,LV,0,10
880557,Darius Slayton,WR,222.61807,NYG,Darius Slayton,204,WR76,NYG,0,11
867759,Ray-Ray McCloud III,WR,223.13896,ATL,Ray-Ray McCloud III,,,,,
837958,Allen Lazard,WR,223.14091,NYJ,Allen Lazard,,,,,
912070,Michael Gallup,WR,223.2626,FA,Michael Gallup,,,,,
1122182,Dylan Laube,RB,223.59555,LV,Dylan Laube,,,,,
822367,Josh Reynolds,WR,223.62318,DEN,Josh Reynolds,274,WR100,DEN,0,14
835909,JuJu Smith-Schuster,WR,224.3087,NE,JuJu Smith-Schuster,,,,,
742382,Marquez Valdes-Scantling,WR,224.40985,BUF,Marquez Valdes-Scantling,,,,,
1128783,Elijah Moore,WR,224.43378,CLE,Elijah Moore,262,WR94,CLE,0,10
973945,Mac Jones,QB,224.46773,JAX,Mac Jones,,,,,
884943,Trenton Irwin,WR,224.5762,CIN,Trenton Irwin,,,,,
1180328,Ainias Smith,WR,224.638,PHI,Ainias Smith,,,,,
911644,Collin Johnson,WR,224.6697,CHI,Collin Johnson,,,,,
976650,Clyde Edwards-Helaire,RB,224.69136,KC,Clyde Edwards-Helaire,195,RB58,KC,0,6
835443,D'Onta Foreman,RB,224.7221,CLE,D'Onta Foreman,248,RB77,CLE,0,10
555693,Robert Woods,WR,224.7592,HOU,Robert Woods,,,,,
824080,Dalvin Cook,RB,224.7855,FA,Dalvin Cook,,,,,
943189,Trishton Jackson,WR,224.8958,MIN,Trishton Jackson,,,,,
1393832,Ryan Flournoy,WR,224.9643,DAL,Ryan Flournoy,,,,,
976924,Kenny Pickett,QB,224.968,PHI,Kenny Pickett,,,,,
920756,Devin Duvernay,WR,225.0175,JAX,Devin Duvernay,,,,,
976251,Cam Akers,RB,225.0604,HOU,Cam Akers,,,,,
1160348,John Metchie III,WR,225.0735,HOU,John Metchie III,,,,,
820866,Braxton Berrios,WR,225.0878,MIA,Braxton Berrios,,,,,
25347,Tom Brady,QB,225.11415,FA,Tom Brady,,,,,
832220,Justin Watson,WR,225.15768,KC,Justin Watson,,,,,
883259,Nick Westbrook-Ikhine,WR,225.1626,TEN,Nick Westbrook-Ikhine,,,,,
1110725,Justyn Ross,WR,225.2251,KC,Justyn Ross,,,,,
1214414,Theo Johnson,TE,225.23944,NYG,Theo Johnson,,,,,
501150,Kyle Juszczyk,RB,225.24254,SF,Kyle Juszczyk,280,RB87,SF,0,9
1326628,Ja'Tavion Sanders,TE,225.25226,CAR,Ja'Tavion Sanders,,,,,
1167356,Craig Reynolds,RB,225.2754,DET,Craig Reynolds,,,,,
1106760,Tutu Atwell,WR,225.35872,LAR,Tutu Atwell,295,WR104,LAR,0,6
1229074,Parker Washington,WR,225.3837,JAX,Parker Washington,,,,,
1213636,Xavier Hutchinson,WR,225.4483,HOU,Xavier Hutchinson,,,,,
1050234,Donovan Peoples-Jones,WR,225.4966,DET,Donovan Peoples-Jones,,,,,
1066811,Aidan O'Connell,QB,225.55646,LV,Aidan O'Connell,301,QB33,LV,0,10
884080,Van Jefferson,WR,225.55737,PIT,Van Jefferson,261,WR93,PIT,0,9
865868,Jarrett Stidham,QB,225.58067,DEN,Jarrett Stidham,,,,,
975503,Jelani Woods,TE,225.5825,IND,Jelani Woods,260,TE29,IND,0,14
880146,Nyheim Hines,RB,225.5882,CLE,Nyheim Hines,245,RB74,CLE,0,10
1222789,Keaton Mitchell,RB,225.666,BAL,Keaton Mitchell,171,RB55,BAL,0,14
922026,Mecole Hardman,WR,225.6695,KC,Mecole Hardman,,,,,
1130242,Luke Schoonmaker,TE,225.6966,DAL,Luke Schoonmaker,,,,,
1121050,Jake Bobo,WR,225.6993,SEA,Jake Bobo,,,,,
1381164,Sione Vaki,RB,225.7171,DET,Sione Vaki,,,,,
865958,KaVontae Turpin,WR,225.76207,DAL,KaVontae Turpin,284,WR102,DAL,0,7
1126817,Jalen Nailor,WR,225.77234,MIN,Jalen Nailor,,,,,
1177970,Xavier Gipson,WR,225.7755,NYJ,Xavier Gipson,,,,,
1172050,Kenny McIntosh,RB,225.8189,SEA,Kenny McIntosh,283,RB90,SEA,0,10
1447759,Emanuel Wilson,RB,225.8232,GB,Emanuel Wilson,,,,,
563824,Jerick McKinnon,RB,225.8658,FA,Jerick McKinnon,,,,,
974825,Kadarius Toney,WR,225.8689,KC,Kadarius Toney,,,,,
1131206,Dallin Holker,TE,225.9091,NO,Dallin Holker,,,,,
1271609,Isaiah Davis,RB,225.972,NYJ,Isaiah Davis,247,RB76,NYJ,0,12
1127080,Nikko Remigio,WR,225.9808,KC,Nikko Remigio,,,,,
822014,Russell Gage,WR,225.9828,FA,Russell Gage,,,,,
1130705,Kenneth Gainwell,RB,226.0066,PHI,Kenneth Gainwell,225,RB66,PHI,0,5
1108990,Blake Watson,RB,226.0612,DEN,Blake Watson,,,,,
746613,Kareem Hunt,RB,226.0618,FA,Kareem Hunt,,,,,
1182695,Mason Tipton,WR,226.0769,NO,Mason Tipton,,,,,
975387,Isaiah Hodgins,WR,226.0778,NYG,Isaiah Hodgins,,,,,
695311,Jamaal Williams,RB,226.08287,NO,Jamaal Williams,221,RB63,NO,0,12
1506510,Louis Rees-Zammit,RB,226.1227,KC,Louis Rees-Zammit,,,,,
924261,Miles Sanders,RB,226.16644,CAR,Miles Sanders,167,RB51,CAR,0,11
1178628,Jamari Thrash,WR,226.1818,CLE,Jamari Thrash,,,,,
691055,Nelson Agholor,WR,226.20575,BAL,Nelson Agholor,253,WR92,BAL,0,14
1128998,Deneric Prince,RB,226.2393,KC,Deneric Prince,,,,,
1113403,Chris Rodriguez Jr.,RB,226.2444,WAS,Chris Rodriguez Jr.,277,RB84,WAS,0,14
741262,Joshua Dobbs,QB,226.2667,SF,Joshua Dobbs,,,,,
1161739,Trey Palmer,WR,226.2975,TB,Trey Palmer,228,WR84,TB,0,11
1176730,Skyy Moore,WR,226.3245,KC,Skyy Moore,,,,,
841649,Hunter Renfrow,WR,226.3488,FA,Hunter Renfrow,,,,,
1109285,Terrace Marshall Jr.,WR,226.3651,CAR,Terrace Marshall Jr.,,,,,
750097,Matt Breida,RB,226.375,FA,Matt Breida,,,,,
1213362,Kayshon Boutte,WR,226.3761,NE,Kayshon Boutte,,,,,
946748,Kene Nwangwu,RB,226.3853,MIN,Kene Nwangwu,,,,,
830751,Daurice Fountain,WR,226.3953,DET,Daurice Fountain,,,,,
1161853,Elijah Higgins,TE,226.4012,ARI,Elijah Higgins,,,,,
978120,Brock Wright,TE,226.404,DET,Brock Wright,,,,,
973949,Tyrell Shavers,WR,226.4167,BUF,Tyrell Shavers,,,,,
875444,Adam Trautman,TE,226.4612,DEN,Adam Trautman,,,,,
589984,Odell Beckham Jr.,WR,226.4838,MIA,Odell Beckham Jr.,231,WR87,MIA,0,6
1319219,Carson Steele,RB,226.4839,KC,Carson Steele,,,,,
1181659,Cornelius Johnson,WR,226.5567,LAC,Cornelius Johnson,,,,,
1225999,Brenden Rice,WR,226.7365,LAC,Brenden Rice,,,,,
822013,Leonard Fournette,RB,226.8,FA,Leonard Fournette,,,,,
748309,Nick Mullens,QB,226.8141,MIN,Nick Mullens,,,,,
1277914,Devontez Walker,WR,226.87393,BAL,Devontez Walker,,,,,
836104,Parris Campbell,WR,226.9111,PHI,Parris Campbell,,,,,
1110301,Tyquan Thornton,WR,226.9138,NE,Tyquan Thornton,,,,,
836103,Noah Brown,WR,226.9421,HOU,Noah Brown,,,,,
1107027,Alec Pierce,WR,226.9652,IND,Alec Pierce,,,,,
749968,Durham Smythe,TE,226.9924,MIA,Durham Smythe,,,,,
607047,Jacoby Brissett,QB,227.0381,NE,Jacoby Brissett,,,,,
1233127,Frank Gore Jr.,RB,227.0539,BUF,Frank Gore Jr.,,,,,
1056981,Noah Gray,TE,227.0689,KC,Noah Gray,,,,,
1168918,Tyler Goodson,RB,227.0957,IND,Tyler Goodson,,,,,
1172080,Bub Means,WR,227.1444,NO,Bub Means,,,,,
1180332,Isaiah Spiller,RB,227.1525,LAC,Isaiah Spiller,282,RB89,LAC,0,5
1130270,Rondale Moore,WR,227.1714,ATL,Rondale Moore,230,WR86,ATL,0,12
1107478,Michael Penix Jr.,QB,227.17355,ATL,Michael Penix Jr.,316,QB37,ATL,0,12
690153,Cordarrelle Patterson,RB,227.2215,PIT,Cordarrelle Patterson,281,RB88,PIT,0,9
1214249,Israel Abanikanda,RB,227.2258,NYJ,Israel Abanikanda,,,,,
1140248,Cody Schrader,RB,227.3214,SF,Cody Schrader,,,,,
507528,Logan Thomas,TE,227.35934,SF,Logan Thomas,,,,,
1228633,Sean Tucker,RB,227.3667,TB,Sean Tucker,,,,,
1181861,Jacob Cowing,WR,227.3906,SF,Jacob Cowing,,,,,
1175182,Cade Stover,TE,227.4325,HOU,Cade Stover,,,,,
881058,K.J. Osborn,WR,227.4396,NE,K.J. Osborn,,,,,
883976,Olamide Zaccheaus,WR,227.4539,WAS,Olamide Zaccheaus,,,,,
881779,Josh Oliver,TE,227.4693,MIN,Josh Oliver,,,,,
692660,Kalif Raymond,WR,227.47723,DET,Kalif Raymond,252,WR91,DET,0,5
820435,Brandon Powell,WR,227.5287,MIN,Brandon Powell,,,,,
691278,Sterling Shepard,WR,227.5789,TB,Sterling Shepard,,,,,
831007,Easton Stick,QB,227.6078,LAC,Easton Stick,,,,,
739424,Austin Hooper,TE,227.6684,NE,Austin Hooper,,,,,
881956,Hayden Hurst,TE,227.69417,LAC,Hayden Hurst,217,TE26,LAC,0,5
1112338,Joe Milton III,QB,227.7265,NE,Joe Milton III,,,,,
1062765,Calvin Austin III,WR,227.7813,PIT,Calvin Austin III,,,,,
1050335,Pierre Strong Jr.,RB,227.8,CLE,Pierre Strong Jr.,,,,,
1107878,Dyami Brown,WR,227.8136,WAS,Dyami Brown,,,,,
754412,Kendrick Bourne,WR,227.85323,NE,Kendrick Bourne,182,WR68,NE,0,14
1130555,Tommy Tremble,TE,227.8667,CAR,Tommy Tremble,,,,,
838179,Tim Patrick,WR,227.87392,DEN,Tim Patrick,271,WR97,DEN,0,14
1174752,Spencer Rattler,QB,227.8991,NO,Spencer Rattler,,,,,
712506,Mo Alie-Cox,TE,227.9147,IND,Mo Alie-Cox,,,,,
607843,Marcus Mariota,QB,227.9565,WAS,Marcus Mariota,,,,,
602091,Martavis Bryant,WR,228.0,FA,Martavis Bryant,,,,,
1130975,Trey Lance,QB,228.0339,DAL,Trey Lance,,,,,
1172024,Treylon Burks,WR,228.04851,TEN,Treylon Burks,,,,,
1173255,Malik Washington,WR,228.0892,MIA,Malik Washington,,,,,
1107037,Josh Whyle,TE,228.1182,TEN,Josh Whyle,,,,,
912061,Cedrick Wilson Jr.,WR,228.1226,NO,Cedrick Wilson Jr.,,,,,
1232592,Michael Mayer,TE,228.1281,LV,Michael Mayer,,,,,
838487,Gerald Everett,TE,228.1577,CHI,Gerald Everett,,,,,
1223301,Jalen Brooks,WR,228.1776,DAL,Jalen Brooks,,,,,
1176782,Jonathan Mingo,WR,228.2138,CAR,Jonathan Mingo,275,WR101,CAR,0,11
1121220,Dante Miller,RB,228.2222,NYG,Dante Miller,,,,,
600191,Darren Waller,TE,228.2936,FA,Darren Waller,,,,,
976329,Michael Carter,RB,228.3415,ARI,Michael Carter,249,RB78,ARI,0,11
1164979,Tre Tucker,WR,228.3458,LV,Tre Tucker,264,WR96,LV,0,10
875649,Donald Parham Jr.,TE,228.3932,LAC,Donald Parham Jr.,,,,,
839043,D'Ernest Johnson,RB,228.4407,JAX,D'Ernest Johnson,250,RB79,JAC,0,12
702808,Mack Hollins,WR,228.46982,BUF,Mack Hollins,,,,,
1126338,Isaac Guerendo,RB,228.4797,SF,Isaac Guerendo,,,,,
1060311,Davis Mills,QB,228.5405,HOU,Davis Mills,,,,,
921050,Kylen Granson,TE,228.5804,IND,Kylen Granson,,,,,
919304,Velus Jones Jr.,WR,228.6667,CHI,Velus Jones Jr.,,,,,
728169,Mitchell Trubisky,QB,228.6857,BUF,Mitchell Trubisky,,,,,
740704,Johnny Mundt,TE,228.6939,MIN,Johnny Mundt,,,,,
694117,Cooper Rush,QB,228.7619,DAL,Cooper Rush,,,,,
1173266,Evan Hull,RB,228.7945,IND,Evan Hull,266,RB82,IND,0,14
976966,Hendon Hooker,QB,228.8095,DET,Hendon Hooker,,,,,
1181874,Tucker Kraft,TE,228.8417,GB,Tucker Kraft,206,TE22,GB,0,10
1164788,Devaughn Vele,WR,228.9429,DEN,Devaughn Vele,,,,,
1164137,Jawhar Jordan,RB,229.0333,HOU,Jawhar Jordan,,,,,
1213251,Jase McClellan,RB,229.0588,ATL,Jase McClellan,,,,,
834195,Jeff Wilson Jr.,RB,229.0594,MIA,Jeff Wilson Jr.,,,,,
1108937,Jaret Patterson,RB,229.17833,LAC,Jaret Patterson,,,,,
946094,Chase Claypool,WR,229.2241,BUF,Chase Claypool,,,,,
399579,Tyrod Taylor,QB,229.3729,NYJ,Tyrod Taylor,318,QB39,NYJ,0,12
1229765,Jaheim Bell,TE,229.4167,NE,Jaheim Bell,,,,,
1218658,Darnell Washington,TE,229.4286,PIT,Darnell Washington,,,,,
882345,Drew Lock,QB,229.4412,NYG,Drew Lock,,,,,
1115394,Tanner Hudson,TE,229.6029,CIN,Tanner Hudson,,,,,
1122323,Lucas Krull,TE,229.6102,DEN,Lucas Krull,,,,,
1213486,Johnny Wilson,WR,229.6336,PHI,Johnny Wilson,,,,,
976236,Trey Sermon,RB,229.69771,IND,Trey Sermon,244,RB73,IND,0,14
820734,Samaje Perine,RB,229.833,DEN,Samaje Perine,214,RB62,DEN,0,14
653699,Michael Thomas,WR,229.9074,FA,Michael Thomas,,,,,
1109758,A.T. Perry,WR,229.9089,NO,A.T. Perry,,,,,
1116817,Emari Demercado,RB,229.94,ARI,Emari Demercado,,,,,
1161664,Davis Allen,TE,230.075,LAR,Davis Allen,,,,,
1228925,Deuce Vaughn,RB,230.0909,DAL,Deuce Vaughn,251,RB80,DAL,0,7
1108052,Zach Wilson,QB,230.2222,DEN,Zach Wilson,,,,,
944428,Irv Smith Jr.,TE,230.2308,KC,Irv Smith Jr.,,,,,
216342,Joe Flacco,QB,230.257,IND,Joe Flacco,319,QB40,IND,0,14
910380,Kyle Trask,QB,230.2609,TB,Kyle Trask,,,,,
1168245,Sam Howell,QB,230.296,SEA,Sam Howell,317,QB38,SEA,0,10
1068803,Bo Melton,WR,230.4483,GB,Bo Melton,,,,,
877784,Ty Johnson,RB,230.4697,BUF,Ty Johnson,242,RB71,BUF,0,12
1164940,Brenton Strange,TE,230.5217,JAX,Brenton Strange,,,,,
1122035,Daniel Bellinger,TE,230.5613,NYG,Daniel Bellinger,289,TE30,NYG,0,11
1163272,Jared Wiley,TE,230.5722,KC,Jared Wiley,,,,,
976528,KJ Hamler,WR,230.5833,BUF,KJ Hamler,,,,,
555648,Jordan Matthews,TE,230.6872,CAR,Jordan Matthews,,,,,
1122596,Jeremy Ruckert,TE,230.7143,NYJ,Jeremy Ruckert,,,,,
1176431,Casey Washington,WR,230.7662,ATL,Casey Washington,,,,,
1059684,Desmond Ridder,QB,230.8235,ARI,Desmond Ridder,,,,,
823220,Mason Rudolph,QB,230.8462,TEN,Mason Rudolph,,,,,
660151,Robert Tonyan,TE,231.16,MIN,Robert Tonyan,,,,,
1164533,Erick All Jr.,TE,231.19188,CIN,Erick All Jr.,,,,,
613866,Carson Wentz,QB,231.193,KC,Carson Wentz,,,,,
837806,Will Dissly,TE,231.195,LAC,Will Dissly,,,,,
691536,Jameis Winston,QB,231.3237,CLE,Jameis Winston,,,,,
741785,Mike White,QB,231.3571,MIA,Mike White,,,,,
1130976,Hunter Luepke,RB,231.3636,DAL,Hunter Luepke,,,,,
1124664,Cedric Tillman,WR,231.45677,CLE,Cedric Tillman,272,WR98,CLE,0,10
1062314,Malik Cunningham,QB,231.8125,BAL,Malik Cunningham,,,,,
1229133,Rasheen Ali,RB,231.8302,BAL,Rasheen Ali,,,,,
1121871,Brevin Jordan,TE,231.8333,HOU,Brevin Jordan,,,,,
604176,Tyler Higbee,TE,231.973,LAR,Tyler Higbee,,,,,
835779,Royce Freeman,RB,232.129,DAL,Royce Freeman,,,,,
555358,Jimmy Garoppolo,QB,232.3571,LAR,Jimmy Garoppolo,,,,,
1214112,Tyler Scott,WR,232.9474,CHI,Tyler Scott,,,,,
865844,Jake Browning,QB,233.0,CIN,Jake Browning,,,,,
1180625,George Holani,RB,233.1818,SEA,George Holani,,,,,
1161661,Anthony Gould,WR,235.1,IND,Anthony Gould,,,,,
976804,Ronnie Rivers,RB,,LAR,Ronnie Rivers,,,,,
832900,Chase Edmonds,RB,,TB,Chase Edmonds,240,RB69,TB,0,11
590796,Ameer Abdullah,RB,,LV,Ameer Abdullah,243,RB72,LV,0,10
837824,Drew Sample,TE,,CIN,Drew Sample,,,,,
596417,Phillip Dorsett II,WR,,DEN,Phillip Dorsett II,,,,,
602241,DeVante Parker,WR,,FA,DeVante Parker,,,,,
606551,Chris Moore,WR,,ARI,Chris Moore,,,,,
866973,David Sills V,WR,,DEN,David Sills V,,,,,
1127065,Chris Brooks,RB,,MIA,Chris Brooks,,,,,
1113477,Derius Davis,WR,,LAC,Derius Davis,,,,,
1122692,Cole Turner,TE,,WAS,Cole Turner,,,,,
1130833,Deven Thompkins,WR,,CAR,Deven Thompkins,,,,,
1132517,Nate Adkins,TE,,DEN,Nate Adkins,,,,,
1231663,Dillon Johnson,RB,,CAR,Dillon Johnson,,,,,
1121887,Justin Shorter,WR,,BUF,Justin Shorter,,,,,
1065052,Tay Martin,WR,,SF,Tay Martin,,,,,
1173032,Tahj Washington,WR,,MIA,Tahj Washington,,,,,
840691,Rashaad Penny,RB,,FA,Rashaad Penny,,,,,
1215792,Zach Evans,RB,,LAR,Zach Evans,,,,,
946019,Chris Evans,RB,,CIN,Chris Evans,,,,,
1067132,Charlie Jones,WR,,CIN,Charlie Jones,,,,,
1166545,Deonte Harty,WR,,BAL,Deonte Harty,,,,,
949134,Quez Watkins,WR,,PIT,Quez Watkins,,,,,
1180347,David Bell,WR,,CLE,David Bell,,,,,
1128108,Kyle Philips,WR,,TEN,Kyle Philips,,,,,
1061929,Laviska Shenault Jr.,WR,,SEA,Laviska Shenault Jr.,,,,,
1130260,Payne Durham,TE,,TB,Payne Durham,,,,,
910605,Trayveon Williams,RB,,CIN,Trayveon Williams,278,RB85,CIN,0,12
1163866,Zonovan Knight,RB,,DET,Zonovan Knight,,,,,
920758,Lil'Jordan Humphrey,WR,,DEN,Lil'Jordan Humphrey,,,,,
838396,Jordan Akins,TE,,CLE,Jordan Akins,,,,,
943635,Patrick Taylor Jr.,RB,,SF,Patrick Taylor Jr.,,,,,
976252,Tre' McKitty,TE,,BUF,Tre' McKitty,,,,,
1068738,Gary Brightwell,RB,,FA,Gary Brightwell,,,,,
1059680,Quintin Morris,TE,,BUF,Quintin Morris,,,,,
915066,Reggie Gilliam,RB,,BUF,Reggie Gilliam,,,,,
749681,River Cracraft,WR,,MIA,River Cracraft,,,,,
1128538,Teagan Quitoriano,TE,,HOU,Teagan Quitoriano,,,,,
599649,Jamison Crowder,WR,,WAS,Jamison Crowder,273,WR99,WAS,0,14
1130213,Ronnie Bell,WR,,SF,Ronnie Bell,,,,,
1121873,Will Mallory,TE,,IND,Will Mallory,,,,,
935156,Kwamie Lassiter II,WR,,CIN,Kwamie Lassiter II,,,,,
402162,Patrick Scales,TE,,CHI,Patrick Scales,,,,,
467405,Latavius Murray,RB,,FA,Latavius Murray,,,,,
914372,Darrell Henderson Jr.,RB,,FA,Darrell Henderson Jr.,,,,,
553024,Tyler Ott,TE,,WAS,Tyler Ott,,,,,
921460,Brandon Johnson,WR,,DEN,Brandon Johnson,,,,,
843733,Mitchell Fraboni,TE,,DEN,Mitchell Fraboni,,,,,
1180538,Xavier Weaver,WR,,ARI,Xavier Weaver,,,,,
1218635,Daijun Edwards,RB,,PIT,Daijun Edwards,,,,,
1213345,Kendall Milton,RB,,PHI,Kendall Milton,,,,,
1134438,Tanner McLachlan,TE,,CIN,Tanner McLachlan,,,,,
1121075,Jordan Travis,QB,,NYJ,Jordan Travis,,,,,
1218651,Marcus Rosemy-Jacksaint,WR,,WAS,Marcus Rosemy-Jacksaint,,,,,
1222147,Emani Bailey,RB,,KC,Emani Bailey,,,,,
593305,C.J. Uzomah,TE,,PHI,C.J. Uzomah,,,,,
913155,Cole Fotheringham,TE,,LV,Cole Fotheringham,,,,,
922017,La'Mical Perine,RB,,PIT,La'Mical Perine,,,,,
1058076,Dennis Houston,WR,,NYG,Dennis Houston,,,,,
883079,Zach Gentry,TE,,LV,Zach Gentry,,,,,
911239,Ko Kieft,TE,,TB,Ko Kieft,,,,,
658447,Zach Pascal,WR,,ARI,Zach Pascal,,,,,
1168410,Gunner Olszewski,WR,,NYG,Gunner Olszewski,,,,,
913546,Cornell Powell,WR,,KC,Cornell Powell,,,,,
1123496,Simi Fehoko,WR,,LAC,Simi Fehoko,,,,,
879766,John Kelly Jr.,RB,,CLE,John Kelly Jr.,,,,,
877913,James Proche II,WR,,CLE,James Proche II,,,,,
1106846,Michael Woods II,WR,,CLE,Michael Woods II,,,,,
1271740,Drew Ogletree,TE,,IND,Drew Ogletree,,,,,
1129452,Ben Sims,TE,,GB,Ben Sims,,,,,
1054175,Elijah Dotson,RB,,LAC,Elijah Dotson,,,,,
1125882,Keaontay Ingram,RB,,KC,Keaontay Ingram,,,,,
920077,Albert Okwuegbunam Jr.,TE,,PHI,Albert Okwuegbunam Jr.,,,,,
1068165,Shi Smith,WR,,FA,Shi Smith,,,,,
976309,DeeJay Dallas,RB,,ARI,DeeJay Dallas,,,,,
885940,Giovanni Ricci,TE,,CLE,Giovanni Ricci,,,,,
1056438,Jaelon Darden,WR,,CLE,Jaelon Darden,,,,,
1060650,Montrell Washington,WR,,KC,Montrell Washington,,,,,
883429,Jeff Smith,WR,,ARI,Jeff Smith,,,,,
1065138,Peyton Hendershot,TE,,DAL,Peyton Hendershot,,,,,
1109133,Clayton Tune,QB,,ARI,Clayton Tune,,,,,
1161114,Snoop Conner,RB,,DAL,Snoop Conner,,,,,
865838,Andre Baccellia,WR,,ARI,Andre Baccellia,,,,,
976221,Grant Calcaterra,TE,,PHI,Grant Calcaterra,,,,,
916467,Harrison Bryant,TE,,LV,Harrison Bryant,,,,,
976658,Racey McMath,WR,,DAL,Racey McMath,,,,,
946101,Tony Jones Jr.,RB,,ARI,Tony Jones Jr.,,,,,
472623,James Winchester,TE,,KC,James Winchester,,,,,
1226343,Rakim Jarrett,WR,,TB,Rakim Jarrett,,,,,
883314,Dan Chisena,WR,,ARI,Dan Chisena,,,,,
1128981,Jashaun Corbin,RB,,NYG,Jashaun Corbin,,,,,
1068822,Travis Vokolek,TE,,ARI,Travis Vokolek,,,,,
975028,Malik Davis,RB,,DAL,Malik Davis,,,,,
599113,Taylor Heinicke,QB,,ATL,Taylor Heinicke,,,,,
1069763,Stetson Bennett,QB,,LAR,Stetson Bennett,,,,,
913163,Tyler Huntley,QB,,CLE,Tyler Huntley,,,,,
1128116,Dorian Thompson-Robinson,QB,,CLE,Dorian Thompson-Robinson,,,,,
910766,Anthony Brown Jr.,QB,,LV,Anthony Brown Jr.,,,,,
732107,Logan Woodside,QB,,CIN,Logan Woodside,,,,,
911619,Shane Buechele,QB,,BUF,Shane Buechele,,,,,
866216,Brett Rypien,QB,,CHI,Brett Rypien,,,,,
836347,John Wolford,QB,,TB,John Wolford,,,,,
879277,Ben DiNucci,QB,,FA,Ben DiNucci,,,,,
1060671,Tommy DeVito,QB,,NYG,Tommy DeVito,,,,,
1444140,Tyson Bagent,QB,,CHI,Tyson Bagent,,,,,
1049250,Terrell Bynum,WR,,LV,Terrell Bynum,,,,,
884014,Damien Harris,RB,,FA,Damien Harris,,,,,
1227717,DeWayne McBride,RB,,MIN,DeWayne McBride,,,,,
822644,Richie James Jr.,WR,,FA,Richie James Jr.,,,,,
609496,Allen Robinson II,WR,,NYG,Allen Robinson II,,,,,
943841,James Robinson,RB,,NO,James Robinson,,,,,
461620,Marvin Jones Jr.,WR,,FA,Marvin Jones Jr.,,,,,
732121,Corey Davis,WR,,FA,Corey Davis,,,,,
380960,Ryan Tannehill,QB,,FA,Ryan Tannehill,,,,,
878371,Joshua Kelley,RB,,FA,Joshua Kelley,,,,,
823040,Isaiah McKenzie,WR,,NYG,Isaiah McKenzie,,,,,
749635,Boston Scott,RB,,LAR,Boston Scott,,,,,
1056950,Deon Jackson,RB,,FA,Deon Jackson,,,,,
1161729,Tyrion Davis-Price,RB,,FA,Tyrion Davis-Price,,,,,
338280,Case Keenum,QB,,HOU,Case Keenum,,,,,
1161190,Kevin Harris,RB,,NE,Kevin Harris,,,,,
1107595,Zack Kuntz,TE,,NYJ,Zack Kuntz,,,,,
1058090,Bailey Zappe,QB,,NE,Bailey Zappe,,,,,
1130230,Hassan Haskins,RB,,TEN,Hassan Haskins,,,,,
835861,Trent Sherfield Sr.,WR,,MIN,Trent Sherfield Sr.,,,,,
1131204,Jaren Hall,QB,,MIN,Jaren Hall,,,,,
749164,PJ Walker,QB,,SEA,PJ Walker,,,,,
824177,Matt Sokol,TE,,PIT,Matt Sokol,,,,,
880294,Brycen Hopkins,TE,,FA,Brycen Hopkins,,,,,
978580,Amari Rodgers,WR,,FA,Amari Rodgers,,,,,
689689,Pharaoh Brown,TE,,SEA,Pharaoh Brown,,,,,
1079304,Troy Hairston,RB,,HOU,Troy Hairston,,,,,
752646,Jamal Agnew,WR,,FA,Jamal Agnew,,,,,
920944,Ben Skowronek,WR,,HOU,Ben Skowronek,,,,,
976323,Malik Willis,QB,,TEN,Malik Willis,,,,,
306296,Colt McCoy,QB,,FA,Colt McCoy,,,,,
322858,Andy Dalton,QB,,CAR,Andy Dalton,,,,,
886641,JaMycal Hasty,RB,,NE,JaMycal Hasty,,,,,
732147,O.J. Howard,TE,,FA,O.J. Howard,,,,,
608360,Robbie Chosen,WR,,FA,Robbie Chosen,,,,,
463393,Blaine Gabbert,QB,,FA,Blaine Gabbert,,,,,
976066,Jalen Reagor,WR,,NE,Jalen Reagor,,,,,
920560,Samori Toure,WR,,GB,Samori Toure,,,,,
1228586,Danny Gray,WR,,SF,Danny Gray,,,,,
507478,Marquise Goodwin,WR,,FA,Marquise Goodwin,,,,,
884567,Jalen Guyton,WR,,LV,Jalen Guyton,,,,,
1049254,Jake Haener,QB,,NO,Jake Haener,,,,,
1124338,Tyler Badie,RB,,DEN,Tyler Badie,,,,,
757521,KhaDarel Hodge,WR,,ATL,KhaDarel Hodge,,,,,
934331,Denzel Mims,WR,,JAX,Denzel Mims,,,,,
921454,Marquez Callaway,WR,,FA,Marquez Callaway,,,,,
922484,Travis Homer,RB,,CHI,Travis Homer,,,,,
881048,Tyree Jackson,TE,,NYG,Tyree Jackson,,,,,
865573,Foster Moreau,TE,,NO,Foster Moreau,,,,,
975829,Sam Ehlinger,QB,,IND,Sam Ehlinger,,,,,
403189,Nick Foles,QB,,FA,Nick Foles,,,,,
910406,Bryan Edwards,WR,,FA,Bryan Edwards,,,,,
592538,Jeff Driskel,QB,,WAS,Jeff Driskel,,,,,
1125846,Julius Chestnut,RB,,TEN,Julius Chestnut,,,,,
944038,John Bates,TE,,WAS,John Bates,,,,,
974627,Eno Benjamin,RB,,FA,Eno Benjamin,,,,,
866149,Josiah Deguara,TE,,JAX,Josiah Deguara,,,,,
822350,Kyle Allen,QB,,PIT,Kyle Allen,,,,,
264725,Brian Hoyer,QB,,FA,Brian Hoyer,,,,,
473742,John Brown,WR,,FA,John Brown,,,,,
746243,Marcus Kemp,WR,,FA,Marcus Kemp,,,,,
830686,Malik Turner,WR,,SF,Malik Turner,,,,,
975816,Jake Fromm,QB,,FA,Jake Fromm,,,,,
1068199,Braylon Sanders,WR,,MIA,Braylon Sanders,,,,,
911219,Seth Green,TE,,FA,Seth Green,,,,,
974916,Chase Garbers,QB,,FA,Chase Garbers,,,,,
962484,Ethan Fernea,WR,,IND,Ethan Fernea,,,,,
920057,Justin Rigg,TE,,FA,Justin Rigg,,,,,
1289220,Zaire Mitchell-Paden,TE,,CLE,Zaire Mitchell-Paden,,,,,
1130844,Gerrit Prince,TE,,FA,Gerrit Prince,,,,,
1165720,Derek Wright,WR,,FA,Derek Wright,,,,,
947634,Chris Oladokun,QB,,KC,Chris Oladokun,,,,,
1049792,Nick Muse,TE,,MIN,Nick Muse,,,,,
1166045,Nikola Kalinic,TE,,LAR,Nikola Kalinic,,,,,
1215308,Mason Kinsey,WR,,TEN,Mason Kinsey,,,,,
910567,Hunter Kampmoyer,TE,,FA,Hunter Kampmoyer,,,,,
1284057,Bernhard Seikovits,TE,,ARI,Bernhard Seikovits,,,,,
918238,Cade Johnson,WR,,FA,Cade Johnson,,,,,
1050233,Ben Mason,RB,,LAC,Ben Mason,,,,,
746301,David Wells,TE,,TB,David Wells,,,,,
742470,Corey Clement,RB,,FA,Corey Clement,,,,,
911027,Gerrid Doaks,RB,,FA,Gerrid Doaks,,,,,
850603,Vyncint Smith,WR,,FA,Vyncint Smith,,,,,
885029,Noah Togiai,TE,,FA,Noah Togiai,,,,,
838443,KeeSean Johnson,WR,,FA,KeeSean Johnson,,,,,
832473,Qadree Ollison,RB,,FA,Qadree Ollison,,,,,
1283807,Zach Davidson,TE,,BUF,Zach Davidson,,,,,
1057484,Cody White,WR,,SEA,Cody White,,,,,
914571,Jason Huntley,RB,,FA,Jason Huntley,,,,,
923834,Dez Fitzpatrick,WR,,PIT,Dez Fitzpatrick,,,,,
740692,Devon Allen,WR,,FA,Devon Allen,,,,,
1055267,Kyric McGowan,WR,,MIA,Kyric McGowan,,,,,
946619,Chase Allen,TE,,FA,Chase Allen,,,,,
1061999,Kennedy Brooks,RB,,FA,Kennedy Brooks,,,,,
1060299,Tucker Fisk,TE,,FA,Tucker Fisk,,,,,
694088,Mason Schreck,TE,,FA,Mason Schreck,,,,,
1120854,Seth Williams,WR,,JAX,Seth Williams,,,,,
866041,Ty'Son Williams,RB,,FA,Ty'Son Williams,,,,,
650974,Nathan Peterman,QB,,NO,Nathan Peterman,,,,,
828656,Nsimba Webster,WR,,CHI,Nsimba Webster,,,,,
821950,Jake Luton,QB,,FA,Jake Luton,,,,,
652520,Alex Erickson,WR,,FA,Alex Erickson,,,,,
881056,Tyler Mabry,TE,,SEA,Tyler Mabry,,,,,
914004,Jacob Eason,QB,,GB,Jacob Eason,,,,,
877244,Preston Williams,WR,,FA,Preston Williams,,,,,
832080,Chris Herndon,TE,,FA,Chris Herndon,,,,,
921965,Raleigh Webb,WR,,TB,Raleigh Webb,,,,,
1056747,Tim Jones,WR,,JAX,Tim Jones,,,,,
556483,Michael Burton,RB,,DEN,Michael Burton,,,,,
728021,Geoff Swaim,TE,,FA,Geoff Swaim,,,,,
946541,Luke Farrell,TE,,JAX,Luke Farrell,,,,,
563293,Chris Manhertz,TE,,NYG,Chris Manhertz,,,,,
877807,Ke'Shawn Vaughn,RB,,FA,Ke'Shawn Vaughn,,,,,
883307,Nick Bowers,TE,,FA,Nick Bowers,,,,,
1056660,Austin Trammell,WR,,JAX,Austin Trammell,,,,,
1161108,Dontario Drummond,WR,,FA,Dontario Drummond,,,,,
922039,Javon Wims,WR,,FA,Javon Wims,,,,,
835694,Patrick Laird,RB,,FA,Patrick Laird,,,,,
1284191,Nate McCrary,RB,,FA,Nate McCrary,,,,,
911712,C.J. Saunders,WR,,FA,C.J. Saunders,,,,,
1075002,Daylen Baldwin,WR,,FA,Daylen Baldwin,,,,,
1130582,John Hightower,WR,,FA,John Hightower,,,,,
1071823,Josh Ali,WR,,ATL,Josh Ali,,,,,
976973,Dalton Keene,TE,,HOU,Dalton Keene,,,,,
914308,Jake Funk,RB,,DET,Jake Funk,,,,,
1284247,Shane Zylstra,TE,,DET,Shane Zylstra,,,,,
558973,Keith Smith,RB,,FA,Keith Smith,,,,,
691784,C.J. Beathard,QB,,JAX,C.J. Beathard,,,,,
922040,Charlie Woerner,TE,,ATL,Charlie Woerner,,,,,
1066869,Trestan Ebner,RB,,FA,Trestan Ebner,,,,,
846264,Parker Hesse,TE,,DET,Parker Hesse,,,,,
911020,Sean McKeon,TE,,DET,Sean McKeon,,,,,
911985,Jack Stoll,TE,,NYG,Jack Stoll,,,,,
885540,Adam Prentice,RB,,NO,Adam Prentice,,,,,
820601,Jakob Johnson,RB,,FA,Jakob Johnson,,,,,
604908,Damiere Byrd,WR,,WAS,Damiere Byrd,,,,,
1123712,James Mitchell,TE,,DET,James Mitchell,,,,,
838415,Tre'Quan Smith,WR,,DET,Tre'Quan Smith,,,,,
910629,Dezmon Patmon,WR,,FA,Dezmon Patmon,,,,,
922092,Jordan Thomas,TE,,FA,Jordan Thomas,,,,,
1123999,Blake Watson,TE,,FA,Blake Watson,,,,,
1178561,De'Corian Clark,WR,,FA,De'Corian Clark,,,,,
1179244,Michael Wiley,RB,,WAS,Michael Wiley,,,,,
1125599,Drake Stoops,WR,,LAR,Drake Stoops,,,,,
1133151,Marshel Martin IV,TE,,FA,Marshel Martin IV,,,,,
1174184,Hayden Hatten,WR,,SEA,Hayden Hatten,,,,,
1289332,Konata Mumpfield,WR,,FA,Konata Mumpfield,,,,,
1136402,Sam Wiglusz,WR,,LAR,Sam Wiglusz,,,,,
1214082,Julian Fleming,WR,,FA,Julian Fleming,,,,,
1286480,Dominic Lovett,WR,,FA,Dominic Lovett,,,,,
1323916,J.Michael Sturdivant,WR,,FA,J.Michael Sturdivant,,,,,
1232572,Chris Tyree,WR,,FA,Chris Tyree,,,,,
1244207,Jalen Berger,RB,,FA,Jalen Berger,,,,,
1317230,Roman Hemby,RB,,FA,Roman Hemby,,,,,
1286521,Kaden Prather,WR,,FA,Kaden Prather,,,,,
1214876,Troy Omeire,WR,,FA,Troy Omeire,,,,,
1214733,Corey Rucker,WR,,FA,Corey Rucker,,,,,
1313642,Montrell Johnson Jr.,RB,,FA,Montrell Johnson Jr.,,,,,
1213478,DeaMonte Trayanum,RB,,FA,DeaMonte Trayanum,,,,,
1168733,Grant Gunnell,QB,,FA,Grant Gunnell,,,,,
1131681,Zach Heins,TE,,LAC,Zach Heins,,,,,
1181288,Payton Thorne,QB,,FA,Payton Thorne,,,,,
1508190,Alex Taylor,WR,,FA,Alex Taylor,,,,,
1315563,Bryson Nesbit,TE,,FA,Bryson Nesbit,,,,,
1110306,Tyler Shough,QB,,FA,Tyler Shough,,,,,
1231681,Jaden Walley,WR,,FA,Jaden Walley,,,,,
1108004,Brant Kuithe,TE,,FA,Brant Kuithe,,,,,
1286370,Jaylin Noel,WR,,FA,Jaylin Noel,,,,,
1213386,Brady Cook,QB,,FA,Brady Cook,,,,,
1213909,Demarkcus Bowman,RB,,FA,Demarkcus Bowman,,,,,
1161856,Austin Jones,RB,,WAS,Austin Jones,,,,,
913368,Miller Forristall,TE,,LAR,Miller Forristall,,,,,
1049246,Salvon Ahmed,RB,,MIA,Salvon Ahmed,,,,,
838318,Chris Myarick,RB,,FA,Chris Myarick,,,,,
1384869,Dareke Young,WR,,SEA,Dareke Young,,,,,
1052464,Blake Proehl,WR,,FA,Blake Proehl,,,,,
1049905,Alex Armah,RB,,FA,Alex Armah,,,,,
658389,Patrick Ricard,RB,,BAL,Patrick Ricard,,,,,
1065123,Ty Fryfogle,WR,,FA,Ty Fryfogle,,,,,
911236,Tyler Johnson,WR,,LAR,Tyler Johnson,,,,,
912596,Jalen Virgil,WR,,DEN,Jalen Virgil,,,,,
746244,Keith Kirkwood,WR,,BAL,Keith Kirkwood,,,,,
1059943,Spencer Brown,RB,,FA,Spencer Brown,,,,,
728265,Chris Streveler,QB,,FA,Chris Streveler,,,,,
234403,Matthew Slater,WR,,FA,Matthew Slater,,,,,
835674,Kendall Blanton,TE,,FA,Kendall Blanton,,,,,
1068872,Jake Tonges,TE,,SF,Jake Tonges,,,,,
1128527,Jermar Jefferson,RB,,DET,Jermar Jefferson,,,,,
922011,Tyrie Cleveland,WR,,IND,Tyrie Cleveland,,,,,
830084,Keelan Doss,WR,,LV,Keelan Doss,,,,,
865567,Tyron Billy-Johnson,WR,,DAL,Tyron Billy-Johnson,,,,,
591801,Chris Conley,WR,,SF,Chris Conley,,,,,
884044,Derrick Gore,RB,,FA,Derrick Gore,,,,,
693837,Jonathan Williams,RB,,FA,Jonathan Williams,,,,,
933537,J.J. Taylor,RB,,HOU,J.J. Taylor,,,,,
840531,Kevin Rader,TE,,FA,Kevin Rader,,,,,
1057457,Connor Heyward,TE,,PIT,Connor Heyward,,,,,
1142646,Shemar Bridges,WR,,FA,Shemar Bridges,,,,,
884553,Miles Boykin,WR,,NYG,Miles Boykin,,,,,
943843,Kenny Yeboah,TE,,NYJ,Kenny Yeboah,,,,,
912553,Jonathan Ward,RB,,PIT,Jonathan Ward,,,,,
465752,Brandon Bolden,RB,,FA,Brandon Bolden,,,,,
1176738,Jerrion Ealy,WR,,FA,Jerrion Ealy,,,,,
1056392,Lance McCutcheon,WR,,NYJ,Lance McCutcheon,,,,,
915397,C.J. Ham,RB,,MIN,C.J. Ham,,,,,
696112,Nate Sudfeld,QB,,DET,Nate Sudfeld,,,,,
1060550,Hunter Long,TE,,LAR,Hunter Long,,,,,
837087,Tom Kennedy,WR,,DET,Tom Kennedy,,,,,
836164,Trace McSorley,QB,,FA,Trace McSorley,,,,,
835845,Khari Blasingame,RB,,CHI,Khari Blasingame,,,,,
881708,Jesper Horsted,TE,,NO,Jesper Horsted,,,,,
1131214,Dax Milne,WR,,WAS,Dax Milne,,,,,
1191983,Tyreik McAllister,RB,,LV,Tyreik McAllister,,,,,
1166944,Malik Taylor,WR,,NYJ,Malik Taylor,,,,,
824541,Cam Sims,WR,,CAR,Cam Sims,,,,,
919285,Frank Darby,WR,,SF,Frank Darby,,,,,
1051044,Aaron Shampklin,RB,,PIT,Aaron Shampklin,,,,,
943093,Ian Thomas,TE,,CAR,Ian Thomas,,,,,
733849,Trent Taylor,WR,,SF,Trent Taylor,,,,,
1191979,Mike Strachan,WR,,CAR,Mike Strachan,,,,,
703015,Dare Ogunbowale,RB,,HOU,Dare Ogunbowale,265,RB81,HOU,0,14
880123,Lawrence Cager,TE,,NYG,Lawrence Cager,,,,,
951485,Kawaan Baker,WR,,NE,Kawaan Baker,,,,,
1120915,Erik Ezukanma,WR,,MIA,Erik Ezukanma,,,,,
741447,Tim Boyle,QB,,HOU,Tim Boyle,,,,,
837820,Dante Pettis,WR,,CHI,Dante Pettis,,,,,
944379,Avery Williams,RB,,ATL,Avery Williams,,,,,
919456,Trevon Wesco,TE,,FA,Trevon Wesco,,,,,
910808,Stephen Sullivan,TE,,CAR,Stephen Sullivan,,,,,
824428,Andrew Beck,RB,,HOU,Andrew Beck,,,,,
1166036,Ashton Dulin,WR,,IND,Ashton Dulin,,,,,
944636,Armani Rogers,TE,,WAS,Armani Rogers,,,,,
694931,Eric Saubert,TE,,SF,Eric Saubert,,,,,
836140,Jason Cabinda,RB,,FA,Jason Cabinda,,,,,
915030,Darrynton Evans,RB,,BUF,Darrynton Evans,,,,,
910377,Feleipe Franks,TE,,CAR,Feleipe Franks,,,,,
978127,Matt Bushman,TE,,FA,Matt Bushman,,,,,
974492,Kellen Mond,QB,,FA,Kellen Mond,,,,,
914812,Demetric Felton,RB,,CHI,Demetric Felton,,,,,
922451,Brittain Brown,RB,,LV,Brittain Brown,,,,,
883312,Irvin Charles,WR,,NYJ,Irvin Charles,,,,,
880022,Kirk Merritt,WR,,FA,Kirk Merritt,,,,,
886243,Maurice Alexander,WR,,DET,Maurice Alexander,,,,,
884350,Scotty Washington,TE,,BAL,Scotty Washington,,,,,
1069366,Zander Horvath,RB,,NO,Zander Horvath,,,,,
913829,Skylar Thompson,QB,,MIA,Skylar Thompson,,,,,
919462,Jalen Camp,WR,,CLE,Jalen Camp,,,,,
878911,Andy Isabella,WR,,BUF,Andy Isabella,,,,,
880322,Alec Ingold,RB,,MIA,Alec Ingold,,,,,
976983,Kalil Pimpleton,WR,,FA,Kalil Pimpleton,,,,,
946261,Tanner Conner,TE,,MIA,Tanner Conner,,,,,
1056865,Stone Smartt,TE,,LAC,Stone Smartt,,,,,
1058648,Charlie Kolar,TE,,BAL,Charlie Kolar,,,,,
946008,Devin Asiasi,TE,,FA,Devin Asiasi,,,,,
836094,Tommy Sweeney,TE,,CHI,Tommy Sweeney,,,,,
820423,Will Grier,QB,,PHI,Will Grier,,,,,
1161426,Makai Polk,WR,,FA,Makai Polk,,,,,
1167484,Jody Fortson Jr.,TE,,MIA,Jody Fortson Jr.,,,,,
1059221,Ihmir Smith-Marsette,WR,,CAR,Ihmir Smith-Marsette,,,,,
752665,Ross Dwelley,TE,,ATL,Ross Dwelley,,,,,
882718,Britain Covey,WR,,PHI,Britain Covey,,,,,
542871,Blake Bell,TE,,FA,Blake Bell,,,,,
946092,Ian Book,QB,,KC,Ian Book,,,,,
741292,Greg Ward,WR,,FA,Greg Ward,,,,,
875523,Kristian Wilkerson,WR,,LV,Kristian Wilkerson,,,,,
1049888,Nathan Rourke,QB,,FA,Nathan Rourke,,,,,
842181,Mike Boone,RB,,CAR,Mike Boone,,,,,
865895,Myles Gaskin,RB,,MIN,Myles Gaskin,,,,,
910463,Freddie Swain,WR,,CHI,Freddie Swain,,,,,
888731,Ben Ellefson,TE,,FA,Ben Ellefson,,,,,
833514,Cody Thompson,WR,,TB,Cody Thompson,,,,,
823811,Nick Bawden,RB,,FA,Nick Bawden,,,,,
821297,David Blough,QB,,FA,David Blough,,,,,
1129405,Anthony Schwartz,WR,,MIA,Anthony Schwartz,,,,,
612512,DeAndre Carter,WR,,CHI,DeAndre Carter,,,,,
926280,Dee Eskridge,WR,,SEA,Dee Eskridge,,,,,
1062546,Tylan Wallace,WR,,BAL,Tylan Wallace,,,,,
924381,Kendric Pryor,WR,,CIN,Kendric Pryor,,,,,
884601,Equanimeous St. Brown,WR,,NO,Equanimeous St. Brown,,,,,
866086,Kendall Hinton,WR,,FA,Kendall Hinton,,,,,
1058693,Caleb Huntley,RB,,FA,Caleb Huntley,,,,,
1165782,Trinity Benson,WR,,FA,Trinity Benson,,,,,
1384962,Jared Bernhardt,WR,,FA,Jared Bernhardt,,,,,
1131017,John FitzPatrick,TE,,ATL,John FitzPatrick,,,,,
1066889,John Lovett,RB,,FA,John Lovett,,,,,
749136,Anthony Miller,WR,,FA,Anthony Miller,,,,,
1107561,Greg Bell,RB,,FA,Greg Bell,,,,,
1166235,Sincere McCormick,RB,,LV,Sincere McCormick,,,,,
920072,Damarea Crockett,RB,,FA,Damarea Crockett,,,,,
1123521,Tanner McKee,QB,,PHI,Tanner McKee,,,,,
1067089,Sean Clifford,QB,,GB,Sean Clifford,,,,,
1162793,Max Duggan,QB,,LAC,Max Duggan,,,,,
1125589,Brayden Willis,TE,,SF,Brayden Willis,,,,,
877596,Steven Sims,WR,,HOU,Steven Sims,,,,,
923814,DJ Turner,WR,,LV,DJ Turner,,,,,
695408,C.J. Board,WR,,NE,C.J. Board,,,,,
1068735,Stanley Berryhill,WR,,TBD,Stanley Berryhill,,,,,
554431,Eric Tomlinson,TE,,IND,Eric Tomlinson,,,,,
214197,Marcedes Lewis,TE,,CHI,Marcedes Lewis,,,,,
885394,Mitchell Wilcox,TE,,NE,Mitchell Wilcox,,,,,
606530,Derek Watt,RB,,FA,Derek Watt,,,,,
866174,Tyler Davis,TE,,GB,Tyler Davis,,,,,
386116,Taiwan Jones,RB,,FA,Taiwan Jones,,,,,
823041,Sony Michel,RB,,FA,Sony Michel,,,,,
498760,Rex Burkhead,RB,,FA,Rex Burkhead,,,,,
830844,Justin Jackson,RB,,FA,Justin Jackson,,,,,
607660,Stephen Anderson,TE,,FA,Stephen Anderson,,,,,
458093,A.J. Green,WR,,FA,A.J. Green,,,,,
216263,Matt Ryan,QB,,FA,Matt Ryan,,,,,
913826,Byron Pringle,WR,,FA,Byron Pringle,,,,,
552926,Cameron Brate,TE,,FA,Cameron Brate,,,,,
552586,MyCole Pruitt,TE,,PIT,MyCole Pruitt,,,,,
767297,Anthony Firkser,TE,,NYJ,Anthony Firkser,,,,,
1053627,Dan Arnold,TE,,FA,Dan Arnold,,,,,
465129,Ryan Griffin,TE,,FA,Ryan Griffin,,,,,
694015,Mike Davis,RB,,FA,Mike Davis,,,,,
878935,Penny Hart,WR,,FA,Penny Hart,,,,,
835086,Mike Thomas,WR,,FA,Mike Thomas,,,,,
822038,Darrel Williams,RB,,FA,Darrel Williams,,,,,
694588,Kenyan Drake,RB,,FA,Kenyan Drake,,,,,
697295,Kenny Golladay,WR,,FA,Kenny Golladay,,,,,
714230,Dwayne Washington,RB,,FA,Dwayne Washington,,,,,
606516,Melvin Gordon III,RB,,FA,Melvin Gordon III,,,,,
465949,Randall Cobb,WR,,FA,Randall Cobb,,,,,
469472,Kyle Rudolph,TE,,FA,Kyle Rudolph,,,,,
558619,Jake Kumerow,WR,,FA,Jake Kumerow,,,,,
602118,Sammy Watkins,WR,,FA,Sammy Watkins,,,,,
742451,Godwin Igwebuike,RB,,FA,Godwin Igwebuike,,,,,
821729,Dontrell Hilliard,RB,,FA,Dontrell Hilliard,,,,,
300173,DeSean Jackson,WR,,FA,DeSean Jackson,,,,,
691348,Marcus Johnson,WR,,FA,Marcus Johnson,,,,,
546076,Giovani Bernard,RB,,FA,Giovani Bernard,,,,,
589991,Jarvis Landry,WR,,FA,Jarvis Landry,,,,,
460830,Cole Beasley,WR,,FA,Cole Beasley,,,,,
456614,Julio Jones,WR,,FA,Julio Jones,,,,,
748554,Laquon Treadwell,WR,,IND,Laquon Treadwell,,,,,
592268,Tyler Kroft,TE,,FA,Tyler Kroft,,,,,
592195,Teddy Bridgewater,QB,,FA,Teddy Bridgewater,,,,,
741322,Rashard Higgins,WR,,FA,Rashard Higgins,,,,,
692334,J.P. Holtz,TE,,FA,J.P. Holtz,,,,,
608353,J.D. McKissic,RB,,FA,J.D. McKissic,,,,,
747861,Phillip Lindsay,RB,,FA,Phillip Lindsay,,,,,
910431,N'Keal Harry,WR,,MIN,N'Keal Harry,,,,,
835830,Cullen Gillaspia,RB,,FA,Cullen Gillaspia,,,,,
696080,Tevin Coleman,RB,,FA,Tevin Coleman,,,,,
652808,Breshad Perriman,WR,,FA,Breshad Perriman,,,,,
728274,Cethan Carter,TE,,FA,Cethan Carter,,,,,
329031,Andre Roberts,WR,,FA,Andre Roberts,,,,,
976645,Tory Carter,RB,,FA,Tory Carter,,,,,
552409,David Johnson,RB,,FA,David Johnson,,,,,
835437,James Washington,WR,,ATL,James Washington,,,,,
604724,Malcolm Brown,RB,,FA,Malcolm Brown,,,,,
886392,Jacob Harris,WR,,PHI,Jacob Harris,,,,,
608753,Nick Boyle,TE,,FA,Nick Boyle,,,,,
840760,Marlon Mack,RB,,FA,Marlon Mack,,,,,
606488,Nick Vannett,TE,,TEN,Nick Vannett,,,,,
1075216,Trenton Cannon,RB,,FA,Trenton Cannon,,,,,
924946,Antoine Wesley,WR,,FA,Antoine Wesley,,,,,
916610,Brandon Zylstra,WR,,FA,Brandon Zylstra,,,,,
651658,Maxx Williams,TE,,FA,Maxx Williams,,,,,
652019,Jesse James,TE,,FA,Jesse James,,,,,
503496,Josh Gordon,WR,,FA,Josh Gordon,,,,,
607699,Richard Rodgers,TE,,FA,Richard Rodgers,,,,,
747895,Darrell Daniels,TE,,FA,Darrell Daniels,,,,,
691283,Damien Williams,RB,,FA,Damien Williams,,,,,
295918,Jimmy Graham,TE,,FA,Jimmy Graham,,,,,
696881,Cody Hollister,WR,,FA,Cody Hollister,,,,,
703203,Garrett Griffin,TE,,FA,Garrett Griffin,,,,,
837594,Jeremy McNichols,RB,,WAS,Jeremy McNichols,,,,,
920482,Michael Bandy,WR,,DEN,Michael Bandy,,,,,
836079,Juwann Winfree,WR,,IND,Juwann Winfree,,,,,
696882,Jacob Hollister,TE,,FA,Jacob Hollister,,,,,
728038,Kevin White,WR,,FA,Kevin White,,,,,
468655,T.Y. Hilton,WR,,FA,T.Y. Hilton,,,,,
744595,Pharoh Cooper,WR,,FA,Pharoh Cooper,,,,,
546184,Trevor Siemian,QB,,FA,Trevor Siemian,,,,,
882929,Keke Coutee,WR,,FA,Keke Coutee,,,,,
851225,Sammis Reyes,TE,,MIN,Sammis Reyes,,,,,
694629,Colin Thompson,TE,,FA,Colin Thompson,,,,,
750802,Jordan Howard,RB,,FA,Jordan Howard,,,,,
924362,Quintez Cephus,WR,,HOU,Quintez Cephus,,,,,
604390,Brandon Allen,QB,,SF,Brandon Allen,,,,,
866115,Devine Ozigbo,RB,,FA,Devine Ozigbo,,,,,
749205,Jordan Wilkins,RB,,FA,Jordan Wilkins,,,,,
1166990,Jason Moore,WR,,FA,Jason Moore,,,,,
1073153,Kylin Hill,RB,,FA,Kylin Hill,,,,,
691583,Duke Johnson,RB,,FA,Duke Johnson,,,,,
273278,Josh Johnson,QB,,BAL,Josh Johnson,,,,,
820720,Daniel Helm,TE,,FA,Daniel Helm,,,,,
865649,Bryce Perkins,QB,,FA,Bryce Perkins,,,,,
300101,Chase Daniel,QB,,FA,Chase Daniel,,,,,
830860,Reggie Bonnafon,RB,,FA,Reggie Bonnafon,,,,,
879955,Jared Pinkney,TE,,FA,Jared Pinkney,,,,,
865636,Tommy Hudson,TE,,NO,Tommy Hudson,,,,,
888484,J.J. Koski,WR,,FA,J.J. Koski,,,,,
733638,Davis Webb,QB,,FA,Davis Webb,,,,,
867047,Jacques Patrick,RB,,FA,Jacques Patrick,,,,,
911713,Antonio Williams,RB,,FA,Antonio Williams,,,,,
1063397,D.J. Montgomery,WR,,IND,D.J. Montgomery,,,,,
910379,Josh Hammond,WR,,FA,Josh Hammond,,,,,
728964,Tanner Gentry,WR,,FA,Tanner Gentry,,,,,
946594,Binjimen Victor,WR,,FA,Binjimen Victor,,,,,
1065845,D'vonte Price,RB,,FA,D'vonte Price,,,,,
749590,Victor Bolden,WR,,FA,Victor Bolden,,,,,
887367,Reid Sinnett,QB,,FA,Reid Sinnett,,,,,
867754,Deon Cain,WR,,FA,Deon Cain,,,,,
976657,Jontre Kirklin,WR,,FA,Jontre Kirklin,,,,,
977908,Abram Smith,RB,,FA,Abram Smith,,,,,
1108841,Darwin Thompson,RB,,FA,Darwin Thompson,,,,,
882436,Michael Jacobson,TE,,NO,Michael Jacobson,,,,,
877598,Jace Sternberger,TE,,FA,Jace Sternberger,,,,,
1049915,David Moore,WR,,CAR,David Moore,,,,,
822031,Trey Quinn,WR,,FA,Trey Quinn,,,,,
1446477,Jalen Sample,WR,,FA,Jalen Sample,,,,,
1123525,Brycen Tremayne,WR,,WAS,Brycen Tremayne,,,,,
1128075,Kazmeir Allen,WR,,WAS,Kazmeir Allen,,,,,
1137635,Xavier Smith,WR,,LAR,Xavier Smith,,,,,
1446480,Keilahn Harris,WR,,FA,Keilahn Harris,,,,,
1171870,Tyler Hudson,WR,,FA,Tyler Hudson,,,,,
1214316,Duece Watts,WR,,PIT,Duece Watts,,,,,
1121827,Daniel Arias,WR,,ARI,Daniel Arias,,,,,
1231559,Malik Heath,WR,,GB,Malik Heath,,,,,
1446481,Zay Malone,WR,,FA,Zay Malone,,,,,
1062352,Justin Marshall,WR,,FA,Justin Marshall,,,,,
1229022,Zion Bowens,WR,,FA,Zion Bowens,,,,,
1215305,Mitchell Tinsley,WR,,WAS,Mitchell Tinsley,,,,,
1060645,Thayer Thomas,WR,,MIN,Thayer Thomas,,,,,
1128305,Antoine Green,WR,,DET,Antoine Green,,,,,
1052852,Colton Dowell,WR,,TEN,Colton Dowell,,,,,
1323751,Grant DuBose,WR,,GB,Grant DuBose,,,,,
976809,Elijah Cooks,WR,,JAX,Elijah Cooks,,,,,
1074714,Oliver Martin,WR,,FA,Oliver Martin,,,,,
1129513,Malik Knowles,WR,,MIN,Malik Knowles,,,,,
1061795,Malik Flowers,WR,,FA,Malik Flowers,,,,,
1109731,Blake Whiteheart,TE,,ARI,Blake Whiteheart,,,,,
1181975,Christian Sims,TE,,FA,Christian Sims,,,,,
1126032,Camren McDonald,TE,,FA,Camren McDonald,,,,,
1125739,Cameron Latu,TE,,SF,Cameron Latu,,,,,
1123364,Joel Wilson,TE,,GB,Joel Wilson,,,,,
976459,Tanner Morgan,QB,,FA,Tanner Morgan,,,,,
1052860,Dresser Winn,QB,,LAR,Dresser Winn,,,,,
1122649,Henry Pearson,RB,,FA,Henry Pearson,,,,,
1113490,Jack Colletto,RB,,PIT,Jack Colletto,,,,,
1058751,Khalan Laborn,RB,,FA,Khalan Laborn,,,,,
1231079,Jason Brownlee,WR,,NYJ,Jason Brownlee,,,,,
1123630,Julian Hill,TE,,MIA,Julian Hill,,,,,
508649,AJ McCarron,QB,,FA,AJ McCarron,,,,,
824864,Alex McGough,QB,,FA,Alex McGough,,,,,
1058744,James Blackman,QB,,FA,James Blackman,,,,,
1107584,Adrian Martinez,QB,,NYJ,Adrian Martinez,,,,,
1107060,Holton Ahlers,QB,,FA,Holton Ahlers,,,,,
976797,Jordan Mims,RB,,NO,Jordan Mims,,,,,
756928,Tarik Cohen,RB,,NYJ,Tarik Cohen,,,,,
1049797,Owen Wright,RB,,BAL,Owen Wright,,,,,
1067309,Zavier Scott,RB,,IND,Zavier Scott,,,,,
1214921,Ellis Merriweather,RB,,GB,Ellis Merriweather,,,,,
1121069,Hassan Hall,RB,,FA,Hassan Hall,,,,,
976450,Mohamed Ibrahim,RB,,FA,Mohamed Ibrahim,,,,,
1064343,Tyler Hoosman,RB,,FA,Tyler Hoosman,,,,,
1110307,Travis Dye,RB,,FA,Travis Dye,,,,,
1190024,Darius Hagans,RB,,FA,Darius Hagans,,,,,
1119185,Camerun Peoples,RB,,FA,Camerun Peoples,,,,,
1447767,Ronnie Brown,RB,,FA,Ronnie Brown,,,,,
912631,CJ Marable,RB,,FA,CJ Marable,,,,,
976305,Robert Burns,RB,,ATL,Robert Burns,,,,,
1062845,Xazavian Valladay,RB,,NYJ,Xazavian Valladay,,,,,
912319,Mathew Sexton,WR,,FA,Mathew Sexton,,,,,
881670,Lucky Jackson,WR,,MIN,Lucky Jackson,,,,,
1107867,Sean Ryan,WR,,BAL,Sean Ryan,,,,,
1049381,Thyrick Pitts,WR,,FA,Thyrick Pitts,,,,,
1386002,Kaden Davis,WR,,DET,Kaden Davis,,,,,
1170916,Jalen Cropper,WR,,DAL,Jalen Cropper,,,,,
1118734,David Durden,WR,,DAL,David Durden,,,,,
1118668,Ryan Miller,WR,,TB,Ryan Miller,,,,,
891229,Davion Davis,WR,,WAS,Davion Davis,,,,,
1125555,Chase Cota,WR,,NYG,Chase Cota,,,,,
1120937,Bryce Ford-Wheaton,WR,,NYG,Bryce Ford-Wheaton,,,,,
1122985,Jacob Copeland,WR,,PIT,Jacob Copeland,,,,,
1049552,Griffin Hebert,WR,,PHI,Griffin Hebert,,,,,
1161677,Joseph Ngata,WR,,PHI,Joseph Ngata,,,,,
1117789,T.J. Luther,WR,,FA,T.J. Luther,,,,,
1060276,Daewood Davis,WR,,FA,Daewood Davis,,,,,
879953,Isaiah Zuber,WR,,FA,Isaiah Zuber,,,,,
1069783,Matt Landers,WR,,CLE,Matt Landers,,,,,
1054872,Isaiah Winstead,WR,,FA,Isaiah Winstead,,,,,
1108534,Dylan Drummond,WR,,ATL,Dylan Drummond,,,,,
877654,Gary Jennings,WR,,FA,Gary Jennings,,,,,
744883,Marcell Ateman,WR,,FA,Marcell Ateman,,,,,
1121046,Juwan Green,WR,,FA,Juwan Green,,,,,
946014,Kekoa Crawford,WR,,FA,Kekoa Crawford,,,,,
1124187,Jose Barbon,WR,,FA,Jose Barbon,,,,,
1058767,Pokey Wilson,WR,,FA,Pokey Wilson,,,,,
976505,Kade Warner,WR,,FA,Kade Warner,,,,,
1051024,Tyler Adams,WR,,FA,Tyler Adams,,,,,
1059121,Kody Case,WR,,FA,Kody Case,,,,,
1109410,Aron Cruickshank,WR,,FA,Aron Cruickshank,,,,,
1066879,Gavin Holmes,WR,,FA,Gavin Holmes,,,,,
747866,Devin Ross,WR,,FA,Devin Ross,,,,,
976790,Chris Coleman,WR,,FA,Chris Coleman,,,,,
1067478,Jalen Wayne,WR,,GB,Jalen Wayne,,,,,
1113206,Taye Barber,WR,,FA,Taye Barber,,,,,
1162603,Jadon Haselwood,WR,,FA,Jadon Haselwood,,,,,
1216596,Johnny King,WR,,FA,Johnny King,,,,,
1123360,Ty Scott,WR,,SEA,Ty Scott,,,,,
1128933,Taylor Grimes,WR,,FA,Taylor Grimes,,,,,
976490,Tyjon Lindsey,WR,,FA,Tyjon Lindsey,,,,,
1052316,Bryan Thompson,WR,,BUF,Bryan Thompson,,,,,
1114364,Shedrick Jackson,WR,,CIN,Shedrick Jackson,,,,,
911710,Austin Mack,WR,,ATL,Austin Mack,,,,,
1120347,Chris Blair,WR,,ATL,Chris Blair,,,,,
1176733,Jared Wayne,WR,,FA,Jared Wayne,,,,,
1064955,Brady Russell,TE,,SEA,Brady Russell,,,,,
1122847,Jordan Murray,TE,,IND,Jordan Murray,,,,,
1054203,John Samuel Shenker,TE,,LV,John Samuel Shenker,,,,,
1059585,Princeton Fant,TE,,DAL,Princeton Fant,,,,,
1060890,Tanner Taula,TE,,TB,Tanner Taula,,,,,
1120247,Izaiah Gathings,TE,,KC,Izaiah Gathings,,,,,
1051781,E.J. Jenkins,TE,,PHI,E.J. Jenkins,,,,,
882309,La'Michael Pettway,TE,,NE,La'Michael Pettway,,,,,
912698,Josh Pederson,TE,,JAX,Josh Pederson,,,,,
1062016,Ryan Jones,TE,,FA,Ryan Jones,,,,,
1128086,Michael Ezeike,TE,,FA,Michael Ezeike,,,,,
946018,Nick Eubanks,TE,,FA,Nick Eubanks,,,,,
1122107,Thomas Greaney,TE,,FA,Thomas Greaney,,,,,
1067876,Noah Gindorff,TE,,FA,Noah Gindorff,,,,,
976731,Sal Cannella,TE,,TB,Sal Cannella,,,,,
881697,Stephen Carlson,TE,,CHI,Stephen Carlson,,,,,
1110686,Kearis Jackson,WR,,TEN,Kearis Jackson,,,,,
1214318,Michael Pratt,QB,,GB,Michael Pratt,,,,,
1169424,Jha'Quan Jackson,WR,,TEN,Jha'Quan Jackson,,,,,
1109711,Sam Hartman,QB,,WAS,Sam Hartman,,,,,
1229489,Tip Reiman,TE,,ARI,Tip Reiman,,,,,
1108202,Brevyn Spann-Ford,TE,,DAL,Brevyn Spann-Ford,,,,,
1231735,Tulu Griffin,WR,,LV,Tulu Griffin,,,,,
1178557,Joshua Cephus,WR,,JAX,Joshua Cephus,,,,,
880033,Ronald Jones II,RB,,FA,Ronald Jones II,,,,,
791008,Keelan Cole Sr.,WR,,FA,Keelan Cole Sr.,,,,,
866112,Stanley Morgan Jr.,WR,,NO,Stanley Morgan Jr.,,,,,
598969,Ty Montgomery II,RB,,FA,Ty Montgomery II,,,,,
1166480,Lew Nichols,RB,,PHI,Lew Nichols,,,,,
1060285,Johnny Johnson III,WR,,HOU,Johnny Johnson III,,,,,
948705,Rodney Williams,TE,,PIT,Rodney Williams,,,,,
1055088,Reggie Roberson Jr.,WR,,FA,Reggie Roberson Jr.,,,,,
1173430,Kaylon Geiger Sr.,WR,,FA,Kaylon Geiger Sr.,,,,,
1130526,Kevin Austin Jr.,WR,,NO,Kevin Austin Jr.,,,,,
1066286,B.J. Baylor,RB,,ATL,B.J. Baylor,,,,,
976428,Anthony McFarland Jr.,RB,,FA,Anthony McFarland Jr.,,,,,
1071826,Lynn Bowden Jr.,WR,,FA,Lynn Bowden Jr.,,,,,
1051985,Mike Harley Jr.,WR,,FA,Mike Harley Jr.,,,,,
866578,Scotty Miller,WR,,PIT,Scotty Miller,,,,,
1057673,Larry Rountree III,RB,,FA,Larry Rountree III,,,,,
920062,Benny Snell Jr.,RB,,FA,Benny Snell Jr.,,,,,
300580,Andrew DePaola,TE,,MIN,Andrew DePaola,,,,,
606799,Zach Wood,TE,,NO,Zach Wood,,,,,
456613,Mark Ingram II,RB,,FA,Mark Ingram II,,,,,
216309,Clark Harris,TE,,FA,Clark Harris,,,,,
1056649,Jack Coco,TE,,FA,Jack Coco,,,,,
591586,Willie Snead IV,WR,,FA,Willie Snead IV,,,,,
1061591,Cal Adomitis,TE,,CIN,Cal Adomitis,,,,,
975827,Easop Winston Jr.,WR,,SEA,Easop Winston Jr.,,,,,
1056554,Roger Carter Jr.,TE,,FA,Roger Carter Jr.,,,,,
1184077,Shaquan Davis,WR,,PHI,Shaquan Davis,,,,,
1066417,Cephus Johnson III,WR,,TB,Cephus Johnson III,,,,,
1057725,Carlos Washington Jr.,RB,,ATL,Carlos Washington Jr.,,,,,
1120925,SaRodorick Thompson Jr.,RB,,FA,SaRodorick Thompson Jr.,,,,,
1113487,John Stephens Jr.,WR,,DAL,John Stephens Jr.,,,,,
1109627,Austin Watkins Jr.,WR,,PHI,Austin Watkins Jr.,,,,,
1126303,Dontay Demus Jr.,WR,,FA,Dontay Demus Jr.,,,,,
1054923,Chris Pierce Jr.,TE,,FA,Chris Pierce Jr.,,,,,
1120499,Evan Deckers,TE,,TB,Evan Deckers,,,,,
943664,Branden Mack,WR,,FA,Branden Mack,,,,,
1229503,AJ Barner,TE,,SEA,AJ Barner,,,,,
1122502,Devin Leary,QB,,BAL,Devin Leary,,,,,
1108526,Thomas Odukoya,TE,,TEN,Thomas Odukoya,,,,,
1126013,Tre'Shaun Harrison,WR,,TEN,Tre'Shaun Harrison,,,,,
1315586,Tejhaun Palmer,WR,,ARI,Tejhaun Palmer,,,,,
1107536,Devin Culp,TE,,TB,Devin Culp,,,,,
1172173,Keilan Robinson,RB,,JAX,Keilan Robinson,,,,,
1446717,Patrick Murtagh,TE,,JAX,Patrick Murtagh,,,,,
1462491,JaQuae Jackson,WR,,NE,JaQuae Jackson,,,,,
1186796,Isaiah Wooden,WR,,FA,Isaiah Wooden,,,,,
1125063,John Paddock,QB,,ATL,John Paddock,,,,,
1215974,Chris Collier,RB,,BAL,Chris Collier,,,,,
1172969,Dayton Wade,WR,,BAL,Dayton Wade,,,,,
1149190,Riley Sharp,TE,,BAL,Riley Sharp,,,,,
1176218,Tayvion Robinson,WR,,CAR,Tayvion Robinson,,,,,
1136395,Xavier Johnson,WR,,BUF,Xavier Johnson,,,,,
1130538,Lawrence Keys III,WR,,BUF,Lawrence Keys III,,,,,
1120490,Sam Pinckney,WR,,FA,Sam Pinckney,,,,,
1218753,Jalen Coker,WR,,CAR,Jalen Coker,,,,,
1106854,Jack Plummer,QB,,CAR,Jack Plummer,,,,,
1175504,Ian Wheeler,RB,,CHI,Ian Wheeler,,,,,
1123102,Austin Reed,QB,,CHI,Austin Reed,,,,,
1057461,Rocky Lombardi,QB,,CIN,Rocky Lombardi,,,,,
1214220,Cole Burgess,WR,,FA,Cole Burgess,,,,,
1121156,Alec Holler,TE,,DAL,Alec Holler,,,,,
1120135,Cam Johnson,WR,,DAL,Cam Johnson,,,,,
1167009,Corey Crooms Jr.,WR,,DAL,Corey Crooms Jr.,,,,,
1107326,Thomas Yassmin,TE,,DEN,Thomas Yassmin,,,,,
1173128,Jalon Calhoun,WR,,DET,Jalon Calhoun,,,,,
1178413,Isaac Rex,TE,,FA,Isaac Rex,,,,,
1176432,Isaiah Williams,WR,,DET,Isaiah Williams,,,,,
1125087,Jarveon Howard,RB,,GB,Jarveon Howard,,,,,
1124355,Messiah Swinson,TE,,GB,Messiah Swinson,,,,,
1131687,Jaxon Janke,WR,,FA,Jaxon Janke,,,,,
1131686,Jadon Janke,WR,,HOU,Jadon Janke,,,,,
1128295,British Brooks,RB,,HOU,British Brooks,,,,,
1122507,Trent Pennix,TE,,IND,Trent Pennix,,,,,
1118722,Jason Bean,QB,,IND,Jason Bean,,,,,
1178347,Xavier White,WR,,FA,Xavier White,,,,,
1161818,Kedon Slovis,QB,,IND,Kedon Slovis,,,,,
1130007,Jalen Jackson,RB,,JAX,Jalen Jackson,,,,,
1399812,David White Jr.,WR,,JAX,David White Jr.,,,,,
1392077,Brevin Easton,WR,,JAX,Brevin Easton,,,,,
1106992,Lorenzo Lingard,RB,,JAX,Lorenzo Lingard,,,,,
1111498,Reggie Brown,WR,,FA,Reggie Brown,,,,,
1129496,Phillip Brooks,WR,,KC,Phillip Brooks,,,,,
1163134,Baylor Cupp,TE,,KC,Baylor Cupp,,,,,
1125632,Carter Bradley,QB,,LV,Carter Bradley,,,,,
1167079,Jeff Foreman,WR,,LV,Jeff Foreman,,,,,
1161816,Ramel Keyton,WR,,LV,Ramel Keyton,,,,,
1131023,Jaylen Johnson,WR,,LAC,Jaylen Johnson,,,,,
1122587,Jaelen Gill,WR,,LAC,Jaelen Gill,,,,,
1110873,Casey Bauman,QB,,LAC,Casey Bauman,,,,,
1443386,Leon Johnson,WR,,LAC,Leon Johnson,,,,,
1175819,Luke Benson,TE,,LAC,Luke Benson,,,,,
1180363,Neal Johnson,TE,,LAR,Neal Johnson,,,,,
1182096,Gavin Hardison,QB,,FA,Gavin Hardison,,,,,
1180294,Hayden Rucci,TE,,MIA,Hayden Rucci,,,,,
1182640,Ty James,WR,,MIN,Ty James,,,,,
1168768,Devron Harper,WR,,FA,Devron Harper,,,,,
1106382,Jeshaun Jones,WR,,MIN,Jeshaun Jones,,,,,
1161082,Trey Knox,TE,,MIN,Trey Knox,,,,,
1113457,Jacob Warren,TE,,NE,Jacob Warren,,,,,
1105868,Deshaun Fenwick,RB,,NE,Deshaun Fenwick,,,,,
1274459,Jermaine Jackson,WR,,NO,Jermaine Jackson,,,,,
1168960,Ayir Asante,WR,,NYG,Ayir Asante,,,,,
1478205,John Jiles,WR,,NYG,John Jiles,,,,,
1129719,Talik Keaton,WR,,FA,Talik Keaton,,,,,
1127066,McCallan Castles,TE,,PHI,McCallan Castles,,,,,
1176792,John Rhys Plumlee,QB,,PIT,John Rhys Plumlee,,,,,
1125607,Tanner Mordecai,QB,,SF,Tanner Mordecai,,,,,
1121863,Jack Westover,TE,,SEA,Jack Westover,,,,,
1130621,Chevan Cordeiro,QB,,FA,Chevan Cordeiro,,,,,
1107298,Zack Annexstad,QB,,TB,Zack Annexstad,,,,,
1161897,D.J. Williams,RB,,TB,D.J. Williams,,,,,
1118329,Steven Stilianos,TE,,TEN,Steven Stilianos,,,,,
1060861,Jacob Kibodi,RB,,NO,Jacob Kibodi,,,,,
1509800,Kyle Sheets,WR,,KC,Kyle Sheets,,,,,
1232898,Jabari Small,RB,,TEN,Jabari Small,,,,,
1276671,Jaden Shirden,RB,,CAR,Jaden Shirden,,,,,
820517,Jalen Hurd,WR,,FA,Jalen Hurd,,,,,
945641,Tre Nixon,WR,,FA,Tre Nixon,,,,,
605325,Jakeem Grant Sr.,WR,,FA,Jakeem Grant Sr.,,,,,
494493,Matt Barkley,QB,,FA,Matt Barkley,,,,,
927353,Drew Plitt,QB,,FA,Drew Plitt,,,,,
695199,Jaydon Mickens,WR,,FA,Jaydon Mickens,,,,,
742474,Troy Fumagalli,TE,,FA,Troy Fumagalli,,,,,
877073,Jaylon Moore,WR,,FA,Jaylon Moore,,,,,
1115470,Johnny Lumpkin,TE,,FA,Johnny Lumpkin,,,,,
